anio,codigo_departamento,nombre_departamento,codigo_distrito,nombre_distrito,codigo_zona,nombre_zona,sector_o_tipo_gestion,cantidad_matriculados,anho_cod_geo
2012,17,ALTO PARAGUAY,1704,BAHIA NEGRA,6,RURAL,PRIVADA,21,2012
2012,17,ALTO PARAGUAY,1704,BAHIA NEGRA,6,RURAL,OFICIAL,445,2012
2012,17,ALTO PARAGUAY,1704,BAHIA NEGRA,1,URBANA,OFICIAL,225,2012
2012,17,ALTO PARAGUAY,1705,CARMELO PERALTA,1,URBANA,OFICIAL,348,2012
2012,17,ALTO PARAGUAY,1705,CARMELO PERALTA,6,RURAL,OFICIAL,597,2012
2012,17,ALTO PARAGUAY,1701,FUERTE OLIMPO,6,RURAL,PRIV.SUBVENCIONADA,76,2012
2012,17,ALTO PARAGUAY,1701,FUERTE OLIMPO,6,RURAL,OFICIAL,448,2012
2012,17,ALTO PARAGUAY,1701,FUERTE OLIMPO,1,URBANA,OFICIAL,616,2012
2012,17,ALTO PARAGUAY,1703,MAYOR P. LAGERENZA,6,RURAL,OFICIAL,42,2012
2012,17,ALTO PARAGUAY,1702,PUERTO CASADO,6,RURAL,PRIVADA,10,2012
2012,17,ALTO PARAGUAY,1702,PUERTO CASADO,6,RURAL,OFICIAL,632,2012
2012,17,ALTO PARAGUAY,1702,PUERTO CASADO,6,RURAL,OFICIAL,31,2002
2012,17,ALTO PARAGUAY,1702,PUERTO CASADO,1,URBANA,PRIV.SUBVENCIONADA,437,2012
2012,17,ALTO PARAGUAY,1702,PUERTO CASADO,1,URBANA,OFICIAL,624,2012
2012,10,ALTO PARANA,1001,CIUDAD DEL ESTE,1,URBANA,PRIVADA,20768,2012
2012,10,ALTO PARANA,1001,CIUDAD DEL ESTE,1,URBANA,PRIV.SUBVENCIONADA,4765,2012
2012,10,ALTO PARANA,1001,CIUDAD DEL ESTE,1,URBANA,OFICIAL,57067,2012
2012,10,ALTO PARANA,1001,CIUDAD DEL ESTE,1,URBANA,PRIVADA,189,2002
2012,10,ALTO PARANA,1001,CIUDAD DEL ESTE,6,RURAL,OFICIAL,171,2012
2012,10,ALTO PARANA,1003,DOMINGO MARTINEZ DE IRALA,6,RURAL,OFICIAL,1275,2012
2012,10,ALTO PARANA,1003,DOMINGO MARTINEZ DE IRALA,1,URBANA,OFICIAL,434,2012
2012,10,ALTO PARANA,1004,DR. JUAN LEON MALLORQUIN,1,URBANA,PRIVADA,75,2012
2012,10,ALTO PARANA,1004,DR. JUAN LEON MALLORQUIN,6,RURAL,OFICIAL,1843,2012
2012,10,ALTO PARANA,1004,DR. JUAN LEON MALLORQUIN,1,URBANA,OFICIAL,2256,2012
2012,10,ALTO PARANA,1004,DR. JUAN LEON MALLORQUIN,1,URBANA,PRIV.SUBVENCIONADA,882,2012
2012,10,ALTO PARANA,1022,DR. RAUL PEСA,6,RURAL,OFICIAL,1356,2012
2012,10,ALTO PARANA,1022,DR. RAUL PEСA,1,URBANA,OFICIAL,300,2012
2012,10,ALTO PARANA,1005,HERNANDARIAS,1,URBANA,PRIV.SUBVENCIONADA,917,2012
2012,10,ALTO PARANA,1005,HERNANDARIAS,1,URBANA,OFICIAL,14180,2012
2012,10,ALTO PARANA,1005,HERNANDARIAS,1,URBANA,PRIVADA,3101,2012
2012,10,ALTO PARANA,1005,HERNANDARIAS,6,RURAL,OFICIAL,2709,2012
2012,10,ALTO PARANA,1005,HERNANDARIAS,6,RURAL,PRIV.SUBVENCIONADA,466,2012
2012,10,ALTO PARANA,1005,HERNANDARIAS,6,RURAL,PRIVADA,45,2012
2012,10,ALTO PARANA,1019,IRUСA,1,URBANA,PRIVADA,67,2012
2012,10,ALTO PARANA,1019,IRUСA,6,RURAL,OFICIAL,165,2012
2012,10,ALTO PARANA,1019,IRUСA,1,URBANA,OFICIAL,290,2012
2012,10,ALTO PARANA,1006,ITAKYRY,6,RURAL,OFICIAL,30,2002
2012,10,ALTO PARANA,1006,ITAKYRY,6,RURAL,PRIVADA,73,2012
2012,10,ALTO PARANA,1006,ITAKYRY,6,RURAL,OFICIAL,6538,2012
2012,10,ALTO PARANA,1006,ITAKYRY,1,URBANA,OFICIAL,1286,2012
2012,10,ALTO PARANA,1006,ITAKYRY,1,URBANA,PRIV.SUBVENCIONADA,365,2012
2012,10,ALTO PARANA,1007,JUAN E. O'LEARY,1,URBANA,OFICIAL,1295,2012
2012,10,ALTO PARANA,1007,JUAN E. O'LEARY,1,URBANA,PRIV.SUBVENCIONADA,48,2012
2012,10,ALTO PARANA,1007,JUAN E. O'LEARY,1,URBANA,PRIVADA,15,2012
2012,10,ALTO PARANA,1007,JUAN E. O'LEARY,6,RURAL,OFICIAL,4415,2012
2012,10,ALTO PARANA,1007,JUAN E. O'LEARY,6,RURAL,PRIV.SUBVENCIONADA,59,2012
2012,10,ALTO PARANA,1007,JUAN E. O'LEARY,6,RURAL,PRIVADA,49,2012
2012,10,ALTO PARANA,1010,LOS CEDRALES,1,URBANA,PRIV.SUBVENCIONADA,200,2012
2012,10,ALTO PARANA,1010,LOS CEDRALES,6,RURAL,OFICIAL,2115,2012
2012,10,ALTO PARANA,1010,LOS CEDRALES,6,RURAL,OFICIAL,26,2002
2012,10,ALTO PARANA,1017,MBARACAYU,6,RURAL,OFICIAL,1465,2012
2012,10,ALTO PARANA,1017,MBARACAYU,1,URBANA,OFICIAL,238,2012
2012,10,ALTO PARANA,1011,MINGA GUAZU,1,URBANA,PRIV.SUBVENCIONADA,1908,2012
2012,10,ALTO PARANA,1011,MINGA GUAZU,6,RURAL,PRIV.SUBVENCIONADA,1276,2012
2012,10,ALTO PARANA,1011,MINGA GUAZU,6,RURAL,OFICIAL,8784,2012
2012,10,ALTO PARANA,1011,MINGA GUAZU,6,RURAL,PRIVADA,180,2012
2012,10,ALTO PARANA,1011,MINGA GUAZU,1,URBANA,OFICIAL,6056,2012
2012,10,ALTO PARANA,1011,MINGA GUAZU,1,URBANA,PRIVADA,1351,2012
2012,10,ALTO PARANA,1016,MINGA PORA,6,RURAL,OFICIAL,28,2002
2012,10,ALTO PARANA,1016,MINGA PORA,6,RURAL,OFICIAL,2751,2012
2012,10,ALTO PARANA,1016,MINGA PORA,1,URBANA,OFICIAL,810,2012
2012,10,ALTO PARANA,1014,NARANJAL,6,RURAL,OFICIAL,716,2012
2012,10,ALTO PARANA,1014,NARANJAL,1,URBANA,PRIVADA,126,2012
2012,10,ALTO PARANA,1014,NARANJAL,1,URBANA,OFICIAL,624,2012
2012,10,ALTO PARANA,1002,PRESIDENTE FRANCO,6,RURAL,PRIVADA,60,2012
2012,10,ALTO PARANA,1002,PRESIDENTE FRANCO,1,URBANA,OFICIAL,15381,2012
2012,10,ALTO PARANA,1002,PRESIDENTE FRANCO,1,URBANA,PRIV.SUBVENCIONADA,1386,2012
2012,10,ALTO PARANA,1002,PRESIDENTE FRANCO,1,URBANA,PRIVADA,2318,2012
2012,10,ALTO PARANA,1002,PRESIDENTE FRANCO,6,RURAL,OFICIAL,3483,2012
2012,10,ALTO PARANA,1018,SAN ALBERTO,1,URBANA,OFICIAL,1729,2012
2012,10,ALTO PARANA,1018,SAN ALBERTO,6,RURAL,OFICIAL,769,2012
2012,10,ALTO PARANA,1018,SAN ALBERTO,1,URBANA,PRIVADA,219,2012
2012,10,ALTO PARANA,1018,SAN ALBERTO,1,URBANA,PRIV.SUBVENCIONADA,330,2012
2012,10,ALTO PARANA,1012,SAN CRISTOBAL,6,RURAL,OFICIAL,1706,2012
2012,10,ALTO PARANA,1012,SAN CRISTOBAL,1,URBANA,OFICIAL,342,2012
2012,10,ALTO PARANA,1012,SAN CRISTOBAL,1,URBANA,PRIVADA,316,2012
2012,10,ALTO PARANA,1012,SAN CRISTOBAL,6,RURAL,PRIVADA,47,2012
2012,10,ALTO PARANA,1020,SANTA FE DEL PARANA,1,URBANA,PRIVADA,47,2012
2012,10,ALTO PARANA,1020,SANTA FE DEL PARANA,6,RURAL,OFICIAL,339,2012
2012,10,ALTO PARANA,1020,SANTA FE DEL PARANA,1,URBANA,OFICIAL,444,2012
2012,10,ALTO PARANA,1013,SANTA RITA,1,URBANA,PRIVADA,487,2012
2012,10,ALTO PARANA,1013,SANTA RITA,6,RURAL,OFICIAL,2180,2012
2012,10,ALTO PARANA,1013,SANTA RITA,6,RURAL,OFICIAL,46,2002
2012,10,ALTO PARANA,1013,SANTA RITA,1,URBANA,OFICIAL,2714,2012
2012,10,ALTO PARANA,1013,SANTA RITA,1,URBANA,PRIV.SUBVENCIONADA,990,2012
2012,10,ALTO PARANA,1015,SANTA ROSA DEL MONDAY,1,URBANA,PRIVADA,61,2012
2012,10,ALTO PARANA,1015,SANTA ROSA DEL MONDAY,1,URBANA,OFICIAL,660,2012
2012,10,ALTO PARANA,1015,SANTA ROSA DEL MONDAY,6,RURAL,OFICIAL,468,2012
2012,10,ALTO PARANA,1015,SANTA ROSA DEL MONDAY,1,URBANA,PRIV.SUBVENCIONADA,178,2012
2012,10,ALTO PARANA,1021,TAVAPY,1,URBANA,OFICIAL,695,2012
2012,10,ALTO PARANA,1021,TAVAPY,6,RURAL,OFICIAL,888,2012
2012,10,ALTO PARANA,1009,YGUAZU,6,RURAL,OFICIAL,1113,2012
2012,10,ALTO PARANA,1009,YGUAZU,1,URBANA,OFICIAL,1024,2012
2012,10,ALTO PARANA,1009,YGUAZU,6,RURAL,PRIV.SUBVENCIONADA,148,2012
2012,10,ALTO PARANA,1009,YGUAZU,6,RURAL,PRIVADA,57,2012
2012,10,ALTO PARANA,1009,YGUAZU,1,URBANA,PRIV.SUBVENCIONADA,68,2012
2012,10,ALTO PARANA,1008,СACUNDAY,1,URBANA,OFICIAL,356,2012
2012,10,ALTO PARANA,1008,СACUNDAY,6,RURAL,PRIVADA,11,2012
2012,10,ALTO PARANA,1008,СACUNDAY,6,RURAL,OFICIAL,2598,2012
2012,13,AMAMBAY,1302,BELLA VISTA,6,RURAL,OFICIAL,912,2012
2012,13,AMAMBAY,1302,BELLA VISTA,1,URBANA,PRIV.SUBVENCIONADA,414,2012
2012,13,AMAMBAY,1302,BELLA VISTA,6,RURAL,OFICIAL,26,2002
2012,13,AMAMBAY,1302,BELLA VISTA,6,RURAL,PRIVADA,27,2012
2012,13,AMAMBAY,1302,BELLA VISTA,1,URBANA,OFICIAL,1421,2012
2012,13,AMAMBAY,1303,CAPITAN BADO,1,URBANA,OFICIAL,1963,2012
2012,13,AMAMBAY,1303,CAPITAN BADO,1,URBANA,PRIVADA,187,2012
2012,13,AMAMBAY,1303,CAPITAN BADO,6,RURAL,OFICIAL,1802,2012
2012,13,AMAMBAY,1301,PEDRO JUAN CABALLERO,1,URBANA,OFICIAL,14992,2012
2012,13,AMAMBAY,1301,PEDRO JUAN CABALLERO,6,RURAL,OFICIAL,4066,2012
2012,13,AMAMBAY,1301,PEDRO JUAN CABALLERO,1,URBANA,PRIVADA,3910,2012
2012,13,AMAMBAY,1301,PEDRO JUAN CABALLERO,6,RURAL,PRIVADA,8,2012
2012,13,AMAMBAY,1301,PEDRO JUAN CABALLERO,1,URBANA,PRIV.SUBVENCIONADA,2526,2012
2012,13,AMAMBAY,1301,PEDRO JUAN CABALLERO,6,RURAL,OFICIAL,101,2002
2012,13,AMAMBAY,1304,ZANJA PYTA,1,URBANA,OFICIAL,230,2012
2012,13,AMAMBAY,1304,ZANJA PYTA,6,RURAL,OFICIAL,540,2012
2012,00,ASUNCION,0000,ASUNCION,1,URBANA,OFICIAL,72689,2012
2012,00,ASUNCION,0000,ASUNCION,1,URBANA,PRIV.SUBVENCIONADA,40944,2012
2012,00,ASUNCION,0000,ASUNCION,1,URBANA,PRIVADA,53160,2012
2012,16,BOQUERON,1601,DR. PEDRO P.PEСA,6,RURAL,OFICIAL,106,2012
2012,16,BOQUERON,1657,FERNHEIN,1,URBANA,OFICIAL,259,2012
2012,16,BOQUERON,1657,FERNHEIN,1,URBANA,PRIV.SUBVENCIONADA,7,2002
2012,16,BOQUERON,1657,FERNHEIN,1,URBANA,PRIV.SUBVENCIONADA,144,2012
2012,16,BOQUERON,1657,FERNHEIN,6,RURAL,OFICIAL,448,2002
2012,16,BOQUERON,1657,FERNHEIN,6,RURAL,OFICIAL,98,2012
2012,16,BOQUERON,1604,FILADELFIA,1,URBANA,PRIV.SUBVENCIONADA,372,2012
2012,16,BOQUERON,1604,FILADELFIA,1,URBANA,PRIVADA,340,2012
2012,16,BOQUERON,1604,FILADELFIA,1,URBANA,OFICIAL,121,2012
2012,16,BOQUERON,1604,FILADELFIA,6,RURAL,PRIVADA,100,2012
2012,16,BOQUERON,1604,FILADELFIA,6,RURAL,PRIV.SUBVENCIONADA,287,2012
2012,16,BOQUERON,1604,FILADELFIA,6,RURAL,OFICIAL,168,2012
2012,16,BOQUERON,1603,GRAL. E. A.GARAY,6,RURAL,PRIV.SUBVENCIONADA,20,2012
2012,16,BOQUERON,1603,GRAL. E. A.GARAY,6,RURAL,OFICIAL,19,2002
2012,16,BOQUERON,1605,LOMA PLATA,1,URBANA,OFICIAL,730,2012
2012,16,BOQUERON,1605,LOMA PLATA,1,URBANA,PRIVADA,888,2012
2012,16,BOQUERON,1605,LOMA PLATA,6,RURAL,OFICIAL,2145,2012
2012,16,BOQUERON,1605,LOMA PLATA,6,RURAL,PRIVADA,742,2012
2012,16,BOQUERON,1605,LOMA PLATA,6,RURAL,PRIV.SUBVENCIONADA,547,2012
2012,16,BOQUERON,1602,MARISCAL ESTIGARRIBIA,6,RURAL,OFICIAL,2440,2012
2012,16,BOQUERON,1602,MARISCAL ESTIGARRIBIA,1,URBANA,OFICIAL,128,2012
2012,16,BOQUERON,1602,MARISCAL ESTIGARRIBIA,1,URBANA,PRIV.SUBVENCIONADA,302,2012
2012,16,BOQUERON,1602,MARISCAL ESTIGARRIBIA,1,URBANA,PRIVADA,189,2012
2012,16,BOQUERON,1602,MARISCAL ESTIGARRIBIA,6,RURAL,PRIVADA,199,2012
2012,16,BOQUERON,1602,MARISCAL ESTIGARRIBIA,6,RURAL,PRIV.SUBVENCIONADA,1991,2012
2012,16,BOQUERON,1656,MENNO,6,RURAL,PRIVADA,41,2012
2012,16,BOQUERON,1656,MENNO,6,RURAL,PRIVADA,40,2002
2012,16,BOQUERON,1656,MENNO,6,RURAL,OFICIAL,25,2012
2012,16,BOQUERON,1656,MENNO,1,URBANA,PRIVADA,32,2002
2012,16,BOQUERON,1658,NEULAND,6,RURAL,PRIVADA,160,2002
2012,16,BOQUERON,1658,NEULAND,1,URBANA,PRIVADA,13,2012
2012,16,BOQUERON,1658,NEULAND,6,RURAL,PRIV.SUBVENCIONADA,6,2002
2012,05,CAAGUAZU,0518,3 DE FEBRERO,1,URBANA,OFICIAL,537,2012
2012,05,CAAGUAZU,0518,3 DE FEBRERO,6,RURAL,OFICIAL,1572,2012
2012,05,CAAGUAZU,0502,CAAGUAZU,1,URBANA,OFICIAL,17294,2012
2012,05,CAAGUAZU,0502,CAAGUAZU,1,URBANA,PRIV.SUBVENCIONADA,2532,2012
2012,05,CAAGUAZU,0502,CAAGUAZU,6,RURAL,OFICIAL,10628,2012
2012,05,CAAGUAZU,0502,CAAGUAZU,1,URBANA,PRIVADA,1520,2012
2012,05,CAAGUAZU,0503,CARAYAO,6,RURAL,OFICIAL,3431,2012
2012,05,CAAGUAZU,0503,CARAYAO,1,URBANA,OFICIAL,1138,2012
2012,05,CAAGUAZU,0504,CECILIO BAEZ,1,URBANA,OFICIAL,818,2012
2012,05,CAAGUAZU,0504,CECILIO BAEZ,6,RURAL,OFICIAL,1150,2012
2012,05,CAAGUAZU,0504,CECILIO BAEZ,6,RURAL,PRIV.SUBVENCIONADA,14,2012
2012,05,CAAGUAZU,0504,CECILIO BAEZ,1,URBANA,PRIV.SUBVENCIONADA,107,2012
2012,05,CAAGUAZU,0501,CORONEL OVIEDO,6,RURAL,PRIVADA,250,2012
2012,05,CAAGUAZU,0501,CORONEL OVIEDO,6,RURAL,OFICIAL,23,2002
2012,05,CAAGUAZU,0501,CORONEL OVIEDO,6,RURAL,OFICIAL,8567,2012
2012,05,CAAGUAZU,0501,CORONEL OVIEDO,1,URBANA,OFICIAL,15779,2012
2012,05,CAAGUAZU,0501,CORONEL OVIEDO,1,URBANA,PRIV.SUBVENCIONADA,4570,2012
2012,05,CAAGUAZU,0501,CORONEL OVIEDO,1,URBANA,PRIVADA,1875,2012
2012,05,CAAGUAZU,0501,CORONEL OVIEDO,6,RURAL,PRIV.SUBVENCIONADA,273,2012
2012,05,CAAGUAZU,0512,DR. J. EULOGIO ESTIGARRIBIA,6,RURAL,OFICIAL,21,2012
2012,05,CAAGUAZU,0506,DR. JUAN MANUEL FRUTOS,6,RURAL,OFICIAL,3306,2012
2012,05,CAAGUAZU,0506,DR. JUAN MANUEL FRUTOS,1,URBANA,PRIVADA,46,2012
2012,05,CAAGUAZU,0506,DR. JUAN MANUEL FRUTOS,1,URBANA,OFICIAL,2247,2012
2012,05,CAAGUAZU,0506,DR. JUAN MANUEL FRUTOS,6,RURAL,PRIV.SUBVENCIONADA,32,2012
2012,05,CAAGUAZU,0512,J EULOGIO ESTIGARRIBIA,1,URBANA,PRIV.SUBVENCIONADA,797,2012
2012,05,CAAGUAZU,0512,J EULOGIO ESTIGARRIBIA,6,RURAL,PRIVADA,216,2012
2012,05,CAAGUAZU,0512,J EULOGIO ESTIGARRIBIA,1,URBANA,OFICIAL,3931,2012
2012,05,CAAGUAZU,0512,J EULOGIO ESTIGARRIBIA,1,URBANA,PRIVADA,536,2012
2012,05,CAAGUAZU,0512,J EULOGIO ESTIGARRIBIA,6,RURAL,OFICIAL,3409,2012
2012,05,CAAGUAZU,0515,JOSE DOMINGO OCAMPOS,6,RURAL,OFICIAL,1921,2012
2012,05,CAAGUAZU,0515,JOSE DOMINGO OCAMPOS,1,URBANA,OFICIAL,698,2012
2012,05,CAAGUAZU,0517,LA PASTORA,6,RURAL,OFICIAL,1251,2012
2012,05,CAAGUAZU,0516,MARISCAL FRANCISCO SOLANO LOPE,1,URBANA,OFICIAL,238,2012
2012,05,CAAGUAZU,0516,MARISCAL FRANCISCO SOLANO LOPE,6,RURAL,OFICIAL,1252,2012
2012,05,CAAGUAZU,0508,NUEVA LONDRES,6,RURAL,OFICIAL,392,2012
2012,05,CAAGUAZU,0508,NUEVA LONDRES,1,URBANA,OFICIAL,351,2012
2012,05,CAAGUAZU,0522,NUEVA TOLEDO,6,RURAL,PRIV.SUBVENCIONADA,24,2012
2012,05,CAAGUAZU,0522,NUEVA TOLEDO,1,URBANA,PRIVADA,86,2012
2012,05,CAAGUAZU,0522,NUEVA TOLEDO,1,URBANA,OFICIAL,383,2012
2012,05,CAAGUAZU,0522,NUEVA TOLEDO,6,RURAL,OFICIAL,759,2012
2012,05,CAAGUAZU,0514,RAUL ARSENIO OVIEDO,1,URBANA,PRIVADA,20,2012
2012,05,CAAGUAZU,0514,RAUL ARSENIO OVIEDO,6,RURAL,PRIVADA,97,2012
2012,05,CAAGUAZU,0514,RAUL ARSENIO OVIEDO,6,RURAL,PRIV.SUBVENCIONADA,248,2012
2012,05,CAAGUAZU,0514,RAUL ARSENIO OVIEDO,6,RURAL,OFICIAL,3222,2012
2012,05,CAAGUAZU,0514,RAUL ARSENIO OVIEDO,1,URBANA,OFICIAL,790,2012
2012,05,CAAGUAZU,0514,RAUL ARSENIO OVIEDO,6,RURAL,OFICIAL,22,2002
2012,05,CAAGUAZU,0507,REPATRIACION,6,RURAL,OFICIAL,7464,2012
2012,05,CAAGUAZU,0507,REPATRIACION,6,RURAL,PRIVADA,23,2012
2012,05,CAAGUAZU,0507,REPATRIACION,1,URBANA,OFICIAL,1335,2012
2012,05,CAAGUAZU,0507,REPATRIACION,1,URBANA,PRIV.SUBVENCIONADA,27,2012
2012,05,CAAGUAZU,0513,R.I. 3 CORRALES,6,RURAL,OFICIAL,1695,2012
2012,05,CAAGUAZU,0513,R.I. 3 CORRALES,1,URBANA,OFICIAL,347,2012
2012,05,CAAGUAZU,0509,SAN JOAQUIN,1,URBANA,OFICIAL,667,2012
2012,05,CAAGUAZU,0509,SAN JOAQUIN,6,RURAL,OFICIAL,3240,2012
2012,05,CAAGUAZU,0509,SAN JOAQUIN,1,URBANA,PRIV.SUBVENCIONADA,350,2012
2012,05,CAAGUAZU,0510,SAN JOSE DE LOS ARROYOS,6,RURAL,OFICIAL,2434,2012
2012,05,CAAGUAZU,0510,SAN JOSE DE LOS ARROYOS,1,URBANA,OFICIAL,1432,2012
2012,05,CAAGUAZU,0510,SAN JOSE DE LOS ARROYOS,1,URBANA,PRIV.SUBVENCIONADA,754,2012
2012,05,CAAGUAZU,0510,SAN JOSE DE LOS ARROYOS,1,URBANA,PRIVADA,44,2012
2012,05,CAAGUAZU,0505,SANTA ROSA DEL MBUTUY,6,RURAL,OFICIAL,2859,2012
2012,05,CAAGUAZU,0505,SANTA ROSA DEL MBUTUY,1,URBANA,OFICIAL,661,2012
2012,05,CAAGUAZU,0519,SIMON BOLIVAR,1,URBANA,OFICIAL,291,2012
2012,05,CAAGUAZU,0519,SIMON BOLIVAR,6,RURAL,OFICIAL,985,2012
2012,05,CAAGUAZU,0521,TEMBIAPORA,6,RURAL,OFICIAL,2760,2012
2012,05,CAAGUAZU,0521,TEMBIAPORA,1,URBANA,OFICIAL,573,2012
2012,05,CAAGUAZU,0520,VAQUERIA,6,RURAL,OFICIAL,1634,2012
2012,05,CAAGUAZU,0520,VAQUERIA,1,URBANA,PRIVADA,44,2012
2012,05,CAAGUAZU,0520,VAQUERIA,1,URBANA,OFICIAL,1645,2012
2012,05,CAAGUAZU,0511,YHU,6,RURAL,OFICIAL,8725,2012
2012,05,CAAGUAZU,0511,YHU,1,URBANA,OFICIAL,608,2012
2012,06,CAAZAPA,0611,3 DE MAYO,6,RURAL,OFICIAL,4386,2012
2012,06,CAAZAPA,0611,3 DE MAYO,1,URBANA,OFICIAL,413,2012
2012,06,CAAZAPA,0602,ABAI,6,RURAL,PRIVADA,57,2012
2012,06,CAAZAPA,0602,ABAI,1,URBANA,OFICIAL,776,2012
2012,06,CAAZAPA,0602,ABAI,6,RURAL,OFICIAL,6686,2012
2012,06,CAAZAPA,0602,ABAI,6,RURAL,PRIV.SUBVENCIONADA,435,2012
2012,06,CAAZAPA,0603,BUENA VISTA,1,URBANA,OFICIAL,777,2012
2012,06,CAAZAPA,0603,BUENA VISTA,6,RURAL,OFICIAL,834,2012
2012,06,CAAZAPA,0603,BUENA VISTA,1,URBANA,PRIVADA,11,2012
2012,06,CAAZAPA,0601,CAAZAPA,1,URBANA,PRIV.SUBVENCIONADA,837,2012
2012,06,CAAZAPA,0601,CAAZAPA,1,URBANA,PRIVADA,281,2012
2012,06,CAAZAPA,0601,CAAZAPA,6,RURAL,OFICIAL,4373,2012
2012,06,CAAZAPA,0601,CAAZAPA,1,URBANA,OFICIAL,1417,2012
2012,06,CAAZAPA,0604,DR. MOISES BERTONI,6,RURAL,OFICIAL,35,2012
2012,06,CAAZAPA,0609,FULGENCIO YEGROS,6,RURAL,OFICIAL,1116,2012
2012,06,CAAZAPA,0609,FULGENCIO YEGROS,1,URBANA,OFICIAL,471,2012
2012,06,CAAZAPA,0605,GENERAL HIGINIO MORINIGO,6,RURAL,OFICIAL,1282,2012
2012,06,CAAZAPA,0605,GENERAL HIGINIO MORINIGO,1,URBANA,OFICIAL,272,2012
2012,06,CAAZAPA,0605,GENERAL HIGINIO MORINIGO,1,URBANA,PRIV.SUBVENCIONADA,114,2012
2012,06,CAAZAPA,0606,MACIEL,6,RURAL,OFICIAL,906,2012
2012,06,CAAZAPA,0606,MACIEL,1,URBANA,OFICIAL,207,2012
2012,06,CAAZAPA,0604,MOISES BERTONI,1,URBANA,OFICIAL,392,2012
2012,06,CAAZAPA,0604,MOISES BERTONI,6,RURAL,OFICIAL,929,2012
2012,06,CAAZAPA,0607,SAN JUAN NEPOMUCENO,6,RURAL,OFICIAL,25,2002
2012,06,CAAZAPA,0607,SAN JUAN NEPOMUCENO,1,URBANA,PRIVADA,69,2012
2012,06,CAAZAPA,0607,SAN JUAN NEPOMUCENO,1,URBANA,OFICIAL,3242,2012
2012,06,CAAZAPA,0607,SAN JUAN NEPOMUCENO,1,URBANA,PRIV.SUBVENCIONADA,228,2012
2012,06,CAAZAPA,0607,SAN JUAN NEPOMUCENO,6,RURAL,OFICIAL,7189,2012
2012,06,CAAZAPA,0608,TAVAI,6,RURAL,OFICIAL,4827,2012
2012,06,CAAZAPA,0608,TAVAI,1,URBANA,OFICIAL,168,2012
2012,06,CAAZAPA,0610,YUTY,1,URBANA,PRIV.SUBVENCIONADA,308,2012
2012,06,CAAZAPA,0610,YUTY,1,URBANA,PRIVADA,323,2012
2012,06,CAAZAPA,0610,YUTY,1,URBANA,OFICIAL,1593,2012
2012,06,CAAZAPA,0610,YUTY,6,RURAL,PRIVADA,7,2012
2012,06,CAAZAPA,0610,YUTY,6,RURAL,OFICIAL,3345,2012
2012,14,CANINDEYU,1402,CORPUS CHRISTI,6,RURAL,OFICIAL,16,2002
2012,14,CANINDEYU,1402,CORPUS CHRISTI,6,RURAL,PRIV.SUBVENCIONADA,105,2012
2012,14,CANINDEYU,1402,CORPUS CHRISTI,6,RURAL,OFICIAL,950,2012
2012,14,CANINDEYU,1402,CORPUS CHRISTI,1,URBANA,OFICIAL,696,2012
2012,14,CANINDEYU,1403,CURUGUATY,6,RURAL,OFICIAL,10431,2012
2012,14,CANINDEYU,1403,CURUGUATY,1,URBANA,OFICIAL,5469,2012
2012,14,CANINDEYU,1403,CURUGUATY,1,URBANA,PRIV.SUBVENCIONADA,160,2012
2012,14,CANINDEYU,1403,CURUGUATY,1,URBANA,PRIVADA,246,2012
2012,14,CANINDEYU,1407,FRANCISCO CABALLERO ALVAREZ,6,RURAL,OFICIAL,884,2012
2012,14,CANINDEYU,1407,FRANCISCO CABALLERO ALVAREZ,1,URBANA,OFICIAL,1232,2012
2012,14,CANINDEYU,1405,ITANARA,6,RURAL,OFICIAL,331,2012
2012,14,CANINDEYU,1405,ITANARA,1,URBANA,OFICIAL,224,2012
2012,14,CANINDEYU,1408,KATUETE,6,RURAL,OFICIAL,509,2012
2012,14,CANINDEYU,1408,KATUETE,1,URBANA,OFICIAL,1634,2012
2012,14,CANINDEYU,1408,KATUETE,1,URBANA,PRIVADA,222,2012
2012,14,CANINDEYU,1409,LA PALOMA,1,URBANA,PRIV.SUBVENCIONADA,161,2012
2012,14,CANINDEYU,1409,LA PALOMA,1,URBANA,OFICIAL,353,2012
2012,14,CANINDEYU,1409,LA PALOMA,1,URBANA,PRIVADA,191,2012
2012,14,CANINDEYU,1409,LA PALOMA,6,RURAL,OFICIAL,348,2012
2012,14,CANINDEYU,1410,NUEVA ESPERANZA,1,URBANA,PRIVADA,283,2012
2012,14,CANINDEYU,1410,NUEVA ESPERANZA,1,URBANA,OFICIAL,1496,2012
2012,14,CANINDEYU,1410,NUEVA ESPERANZA,6,RURAL,OFICIAL,1213,2012
2012,14,CANINDEYU,1401,SALTOS DEL GUAIRA,1,URBANA,PRIVADA,640,2012
2012,14,CANINDEYU,1401,SALTOS DEL GUAIRA,1,URBANA,OFICIAL,2981,2012
2012,14,CANINDEYU,1401,SALTOS DEL GUAIRA,1,URBANA,PRIV.SUBVENCIONADA,403,2012
2012,14,CANINDEYU,1401,SALTOS DEL GUAIRA,6,RURAL,OFICIAL,1192,2012
2012,14,CANINDEYU,1404,VILLA YGATIMI,6,RURAL,OFICIAL,3480,2012
2012,14,CANINDEYU,1404,VILLA YGATIMI,1,URBANA,OFICIAL,1086,2012
2012,14,CANINDEYU,1404,VILLA YGATIMI,6,RURAL,OFICIAL,30,2002
2012,14,CANINDEYU,1404,VILLA YGATIMI,6,RURAL,PRIVADA,138,2012
2012,14,CANINDEYU,1411,YASY KAСY,1,URBANA,OFICIAL,758,2012
2012,14,CANINDEYU,1411,YASY KAСY,6,RURAL,OFICIAL,7374,2012
2012,14,CANINDEYU,1411,YASY KAСY,1,URBANA,PRIVADA,24,2012
2012,14,CANINDEYU,1413,YBY PYTA,1,URBANA,OFICIAL,357,2012
2012,14,CANINDEYU,1413,YBY PYTA,6,RURAL,OFICIAL,3238,2012
2012,14,CANINDEYU,1412,YBYRAROBANA,6,RURAL,OFICIAL,546,2012
2012,14,CANINDEYU,1406,YPEJHU,6,RURAL,OFICIAL,1494,2012
2012,14,CANINDEYU,1406,YPEJHU,1,URBANA,OFICIAL,518,2012
2012,14,CANINDEYU,1412,YVYRAROBANA,1,URBANA,OFICIAL,537,2012
2012,14,CANINDEYU,1412,YVYRAROBANA,6,RURAL,OFICIAL,2815,2012
2012,11,CENTRAL,1101,AREGUA,6,RURAL,OFICIAL,8349,2012
2012,11,CENTRAL,1101,AREGUA,6,RURAL,PRIV.SUBVENCIONADA,2101,2012
2012,11,CENTRAL,1101,AREGUA,6,RURAL,PRIVADA,155,2012
2012,11,CENTRAL,1101,AREGUA,1,URBANA,PRIV.SUBVENCIONADA,1839,2012
2012,11,CENTRAL,1101,AREGUA,1,URBANA,OFICIAL,3788,2012
2012,11,CENTRAL,1101,AREGUA,1,URBANA,PRIVADA,274,2012
2012,11,CENTRAL,1102,CAPIATA,1,URBANA,PRIVADA,6781,2012
2012,11,CENTRAL,1102,CAPIATA,1,URBANA,OFICIAL,39513,2012
2012,11,CENTRAL,1102,CAPIATA,1,URBANA,PRIV.SUBVENCIONADA,6490,2012
2012,11,CENTRAL,1102,CAPIATA,6,RURAL,OFICIAL,59,2012
2012,11,CENTRAL,1103,FERNANDO DE LA MORA,1,URBANA,PRIVADA,63,2002
2012,11,CENTRAL,1103,FERNANDO DE LA MORA,1,URBANA,PRIV.SUBVENCIONADA,3775,2012
2012,11,CENTRAL,1103,FERNANDO DE LA MORA,1,URBANA,OFICIAL,17022,2012
2012,11,CENTRAL,1103,FERNANDO DE LA MORA,1,URBANA,PRIVADA,10425,2012
2012,11,CENTRAL,1104,GUARAMBARE,1,URBANA,PRIV.SUBVENCIONADA,1165,2012
2012,11,CENTRAL,1104,GUARAMBARE,1,URBANA,PRIVADA,615,2012
2012,11,CENTRAL,1104,GUARAMBARE,6,RURAL,OFICIAL,1006,2012
2012,11,CENTRAL,1104,GUARAMBARE,1,URBANA,OFICIAL,3565,2012
2012,11,CENTRAL,1105,ITA,6,RURAL,OFICIAL,7916,2012
2012,11,CENTRAL,1105,ITA,1,URBANA,PRIVADA,1124,2012
2012,11,CENTRAL,1105,ITA,1,URBANA,PRIV.SUBVENCIONADA,1445,2012
2012,11,CENTRAL,1105,ITA,1,URBANA,OFICIAL,6996,2012
2012,11,CENTRAL,1105,ITA,6,RURAL,PRIV.SUBVENCIONADA,94,2012
2012,11,CENTRAL,1106,ITAUGUA,1,URBANA,PRIVADA,1741,2012
2012,11,CENTRAL,1106,ITAUGUA,1,URBANA,OFICIAL,12976,2012
2012,11,CENTRAL,1106,ITAUGUA,1,URBANA,PRIV.SUBVENCIONADA,369,2012
2012,11,CENTRAL,1106,ITAUGUA,6,RURAL,OFICIAL,4004,2012
2012,11,CENTRAL,1106,ITAUGUA,6,RURAL,PRIVADA,248,2012
2012,11,CENTRAL,1119,J AUGUSTO SALDIVAR,1,URBANA,OFICIAL,2921,2012
2012,11,CENTRAL,1119,J AUGUSTO SALDIVAR,6,RURAL,PRIVADA,902,2012
2012,11,CENTRAL,1119,J AUGUSTO SALDIVAR,6,RURAL,PRIV.SUBVENCIONADA,1133,2012
2012,11,CENTRAL,1119,J AUGUSTO SALDIVAR,6,RURAL,OFICIAL,7507,2012
2012,11,CENTRAL,1119,J AUGUSTO SALDIVAR,1,URBANA,PRIVADA,37,2012
2012,11,CENTRAL,1119,J AUGUSTO SALDIVAR,1,URBANA,PRIV.SUBVENCIONADA,577,2012
2012,11,CENTRAL,1107,LAMBARE,1,URBANA,OFICIAL,13049,2012
2012,11,CENTRAL,1107,LAMBARE,1,URBANA,PRIVADA,5149,2012
2012,11,CENTRAL,1107,LAMBARE,1,URBANA,PRIV.SUBVENCIONADA,3778,2012
2012,11,CENTRAL,1108,LIMPIO,1,URBANA,PRIVADA,2339,2012
2012,11,CENTRAL,1108,LIMPIO,1,URBANA,PRIV.SUBVENCIONADA,4456,2012
2012,11,CENTRAL,1108,LIMPIO,1,URBANA,OFICIAL,22080,2012
2012,11,CENTRAL,1108,LIMPIO,1,URBANA,OFICIAL,158,2002
2012,11,CENTRAL,1108,LIMPIO,6,RURAL,OFICIAL,523,2012
2012,11,CENTRAL,1109,LUQUE,6,RURAL,OFICIAL,1901,2012
2012,11,CENTRAL,1109,LUQUE,1,URBANA,PRIV.SUBVENCIONADA,9081,2012
2012,11,CENTRAL,1109,LUQUE,1,URBANA,PRIVADA,8929,2012
2012,11,CENTRAL,1109,LUQUE,1,URBANA,OFICIAL,41506,2012
2012,11,CENTRAL,1110,MARIANO ROQUE ALONSO,1,URBANA,OFICIAL,12252,2012
2012,11,CENTRAL,1110,MARIANO ROQUE ALONSO,1,URBANA,PRIVADA,1885,2012
2012,11,CENTRAL,1110,MARIANO ROQUE ALONSO,1,URBANA,PRIV.SUBVENCIONADA,2573,2012
2012,11,CENTRAL,1111,NUEVA ITALIA,6,RURAL,PRIV.SUBVENCIONADA,249,2012
2012,11,CENTRAL,1111,NUEVA ITALIA,1,URBANA,PRIV.SUBVENCIONADA,336,2012
2012,11,CENTRAL,1111,NUEVA ITALIA,1,URBANA,OFICIAL,1166,2012
2012,11,CENTRAL,1111,NUEVA ITALIA,6,RURAL,OFICIAL,846,2012
2012,11,CENTRAL,1113,SAN ANTONIO,1,URBANA,PRIV.SUBVENCIONADA,461,2012
2012,11,CENTRAL,1113,SAN ANTONIO,1,URBANA,OFICIAL,9964,2012
2012,11,CENTRAL,1113,SAN ANTONIO,1,URBANA,PRIVADA,1280,2012
2012,11,CENTRAL,1114,SAN LORENZO,1,URBANA,OFICIAL,37086,2012
2012,11,CENTRAL,1114,SAN LORENZO,1,URBANA,PRIVADA,14808,2012
2012,11,CENTRAL,1114,SAN LORENZO,1,URBANA,PRIV.SUBVENCIONADA,4810,2012
2012,11,CENTRAL,1115,VILLA ELISA,1,URBANA,OFICIAL,12624,2012
2012,11,CENTRAL,1115,VILLA ELISA,1,URBANA,PRIV.SUBVENCIONADA,2252,2012
2012,11,CENTRAL,1115,VILLA ELISA,1,URBANA,PRIVADA,2624,2012
2012,11,CENTRAL,1116,VILLETA,1,URBANA,PRIVADA,251,2012
2012,11,CENTRAL,1116,VILLETA,1,URBANA,PRIV.SUBVENCIONADA,307,2012
2012,11,CENTRAL,1116,VILLETA,1,URBANA,OFICIAL,2931,2012
2012,11,CENTRAL,1116,VILLETA,6,RURAL,OFICIAL,3513,2012
2012,11,CENTRAL,1117,YPACARAI,6,RURAL,PRIVADA,264,2012
2012,11,CENTRAL,1117,YPACARAI,1,URBANA,PRIV.SUBVENCIONADA,173,2012
2012,11,CENTRAL,1117,YPACARAI,1,URBANA,PRIVADA,447,2012
2012,11,CENTRAL,1117,YPACARAI,6,RURAL,OFICIAL,1376,2012
2012,11,CENTRAL,1117,YPACARAI,6,RURAL,PRIV.SUBVENCIONADA,244,2012
2012,11,CENTRAL,1117,YPACARAI,1,URBANA,OFICIAL,2946,2012
2012,11,CENTRAL,1118,YPANE,1,URBANA,PRIV.SUBVENCIONADA,973,2012
2012,11,CENTRAL,1118,YPANE,6,RURAL,PRIVADA,670,2012
2012,11,CENTRAL,1118,YPANE,6,RURAL,OFICIAL,7228,2012
2012,11,CENTRAL,1118,YPANE,1,URBANA,PRIVADA,67,2012
2012,11,CENTRAL,1118,YPANE,1,URBANA,OFICIAL,4011,2012
2012,11,CENTRAL,1112,СEMBY,1,URBANA,PRIV.SUBVENCIONADA,2608,2012
2012,11,CENTRAL,1112,СEMBY,1,URBANA,OFICIAL,21484,2012
2012,11,CENTRAL,1112,СEMBY,1,URBANA,PRIVADA,6144,2012
2012,11,CENTRAL,1112,СEMBY,1,URBANA,PRIVADA,144,2002
2012,11,CENTRAL,1112,СEMBY,1,URBANA,OFICIAL,360,2002
2012,01,CONCEPCION,0108,AZOTEY,1,URBANA,OFICIAL,677,2012
2012,01,CONCEPCION,0108,AZOTEY,1,URBANA,PRIV.SUBVENCIONADA,143,2012
2012,01,CONCEPCION,0108,AZOTEY,6,RURAL,OFICIAL,1333,2012
2012,01,CONCEPCION,0102,BELEN,1,URBANA,OFICIAL,665,2012
2012,01,CONCEPCION,0102,BELEN,6,RURAL,OFICIAL,3032,2012
2012,01,CONCEPCION,0101,CONCEPCION,6,RURAL,OFICIAL,111,2002
2012,01,CONCEPCION,0101,CONCEPCION,6,RURAL,PRIV.SUBVENCIONADA,73,2012
2012,01,CONCEPCION,0101,CONCEPCION,1,URBANA,PRIVADA,689,2012
2012,01,CONCEPCION,0101,CONCEPCION,1,URBANA,OFICIAL,9999,2012
2012,01,CONCEPCION,0101,CONCEPCION,1,URBANA,PRIV.SUBVENCIONADA,8392,2012
2012,01,CONCEPCION,0101,CONCEPCION,6,RURAL,OFICIAL,5238,2012
2012,01,CONCEPCION,0103,HORQUETA,1,URBANA,OFICIAL,3011,2012
2012,01,CONCEPCION,0103,HORQUETA,1,URBANA,PRIVADA,63,2012
2012,01,CONCEPCION,0103,HORQUETA,6,RURAL,PRIV.SUBVENCIONADA,872,2012
2012,01,CONCEPCION,0103,HORQUETA,6,RURAL,OFICIAL,12032,2012
2012,01,CONCEPCION,0103,HORQUETA,1,URBANA,PRIV.SUBVENCIONADA,1775,2012
2012,01,CONCEPCION,0104,LORETO,6,RURAL,OFICIAL,3374,2012
2012,01,CONCEPCION,0104,LORETO,1,URBANA,OFICIAL,1738,2012
2012,01,CONCEPCION,0111,PASO BARRETO,1,URBANA,OFICIAL,662,2012
2012,01,CONCEPCION,0111,PASO BARRETO,6,RURAL,OFICIAL,658,2012
2012,01,CONCEPCION,0110,SAN ALFREDO,6,RURAL,OFICIAL,960,2012
2012,01,CONCEPCION,0110,SAN ALFREDO,1,URBANA,OFICIAL,442,2012
2012,01,CONCEPCION,0105,SAN CARLOS,1,URBANA,OFICIAL,169,2012
2012,01,CONCEPCION,0105,SAN CARLOS,6,RURAL,OFICIAL,22,2012
2012,01,CONCEPCION,0106,SAN LAZARO,1,URBANA,PRIVADA,106,2012
2012,01,CONCEPCION,0106,SAN LAZARO,6,RURAL,PRIVADA,106,2012
2012,01,CONCEPCION,0106,SAN LAZARO,6,RURAL,PRIV.SUBVENCIONADA,275,2012
2012,01,CONCEPCION,0106,SAN LAZARO,6,RURAL,OFICIAL,2408,2012
2012,01,CONCEPCION,0106,SAN LAZARO,1,URBANA,OFICIAL,193,2012
2012,01,CONCEPCION,0109,SGTO. JOSE FELIX LOPEZ,1,URBANA,OFICIAL,1140,2012
2012,01,CONCEPCION,0109,SGTO. JOSE FELIX LOPEZ,6,RURAL,PRIV.SUBVENCIONADA,23,2012
2012,01,CONCEPCION,0109,SGTO. JOSE FELIX LOPEZ,6,RURAL,OFICIAL,647,2012
2012,01,CONCEPCION,0158,VALLEMI,1,URBANA,OFICIAL,69,2002
2012,01,CONCEPCION,0107,YBY YAU,1,URBANA,OFICIAL,2353,2012
2012,01,CONCEPCION,0107,YBY YAU,6,RURAL,OFICIAL,3836,2012
2012,01,CONCEPCION,0107,YBY YAU,1,URBANA,PRIV.SUBVENCIONADA,198,2012
2012,03,CORDILLERA,0302,ALTOS,1,URBANA,OFICIAL,1645,2012
2012,03,CORDILLERA,0302,ALTOS,1,URBANA,PRIV.SUBVENCIONADA,527,2012
2012,03,CORDILLERA,0302,ALTOS,6,RURAL,OFICIAL,1486,2012
2012,03,CORDILLERA,0303,ARROYOS Y ESTEROS,1,URBANA,OFICIAL,1406,2012
2012,03,CORDILLERA,0303,ARROYOS Y ESTEROS,6,RURAL,PRIVADA,112,2012
2012,03,CORDILLERA,0303,ARROYOS Y ESTEROS,6,RURAL,OFICIAL,3890,2012
2012,03,CORDILLERA,0303,ARROYOS Y ESTEROS,1,URBANA,PRIV.SUBVENCIONADA,314,2012
2012,03,CORDILLERA,0304,ATYRA,6,RURAL,OFICIAL,2216,2012
2012,03,CORDILLERA,0304,ATYRA,1,URBANA,OFICIAL,1746,2012
2012,03,CORDILLERA,0301,CAACUPE,6,RURAL,OFICIAL,5905,2012
2012,03,CORDILLERA,0301,CAACUPE,1,URBANA,PRIV.SUBVENCIONADA,1643,2012
2012,03,CORDILLERA,0301,CAACUPE,1,URBANA,OFICIAL,6901,2012
2012,03,CORDILLERA,0301,CAACUPE,1,URBANA,PRIVADA,648,2012
2012,03,CORDILLERA,0301,CAACUPE,6,RURAL,PRIV.SUBVENCIONADA,5,2012
2012,03,CORDILLERA,0305,CARAGUATAY,6,RURAL,OFICIAL,1756,2012
2012,03,CORDILLERA,0305,CARAGUATAY,1,URBANA,PRIV.SUBVENCIONADA,656,2012
2012,03,CORDILLERA,0305,CARAGUATAY,1,URBANA,OFICIAL,630,2012
2012,03,CORDILLERA,0305,CARAGUATAY,6,RURAL,PRIV.SUBVENCIONADA,48,2012
2012,03,CORDILLERA,0306,EMBOSCADA,1,URBANA,OFICIAL,1870,2012
2012,03,CORDILLERA,0306,EMBOSCADA,6,RURAL,OFICIAL,1866,2012
2012,03,CORDILLERA,0306,EMBOSCADA,1,URBANA,PRIVADA,262,2012
2012,03,CORDILLERA,0306,EMBOSCADA,6,RURAL,PRIV.SUBVENCIONADA,652,2012
2012,03,CORDILLERA,0307,EUSEBIO AYALA,6,RURAL,OFICIAL,2024,2012
2012,03,CORDILLERA,0307,EUSEBIO AYALA,1,URBANA,PRIV.SUBVENCIONADA,1217,2012
2012,03,CORDILLERA,0307,EUSEBIO AYALA,1,URBANA,OFICIAL,2484,2012
2012,03,CORDILLERA,0308,ISLA PUCU,6,RURAL,PRIV.SUBVENCIONADA,179,2012
2012,03,CORDILLERA,0308,ISLA PUCU,6,RURAL,OFICIAL,795,2012
2012,03,CORDILLERA,0308,ISLA PUCU,1,URBANA,PRIV.SUBVENCIONADA,140,2012
2012,03,CORDILLERA,0308,ISLA PUCU,1,URBANA,OFICIAL,575,2012
2012,03,CORDILLERA,0309,ITACURUBI DE LA CORDILLERA,1,URBANA,OFICIAL,1446,2012
2012,03,CORDILLERA,0309,ITACURUBI DE LA CORDILLERA,1,URBANA,PRIV.SUBVENCIONADA,206,2012
2012,03,CORDILLERA,0309,ITACURUBI DE LA CORDILLERA,1,URBANA,PRIVADA,132,2012
2012,03,CORDILLERA,0309,ITACURUBI DE LA CORDILLERA,6,RURAL,OFICIAL,629,2012
2012,03,CORDILLERA,0309,ITACURUBI DE LA CORDILLERA,6,RURAL,PRIV.SUBVENCIONADA,61,2012
2012,03,CORDILLERA,0310,JUAN DE MENA,1,URBANA,OFICIAL,369,2012
2012,03,CORDILLERA,0310,JUAN DE MENA,6,RURAL,PRIV.SUBVENCIONADA,61,2012
2012,03,CORDILLERA,0310,JUAN DE MENA,6,RURAL,OFICIAL,1548,2012
2012,03,CORDILLERA,0311,LOMA GRANDE,1,URBANA,OFICIAL,608,2012
2012,03,CORDILLERA,0311,LOMA GRANDE,6,RURAL,OFICIAL,197,2012
2012,03,CORDILLERA,0312,MBOCAYATY DEL YHAGUY,1,URBANA,OFICIAL,143,2012
2012,03,CORDILLERA,0312,MBOCAYATY DEL YHAGUY,6,RURAL,OFICIAL,981,2012
2012,03,CORDILLERA,0313,NUEVA COLOMBIA,1,URBANA,OFICIAL,425,2012
2012,03,CORDILLERA,0313,NUEVA COLOMBIA,6,RURAL,OFICIAL,547,2012
2012,03,CORDILLERA,0314,PIRIBEBUY,6,RURAL,OFICIAL,3350,2012
2012,03,CORDILLERA,0314,PIRIBEBUY,1,URBANA,OFICIAL,3187,2012
2012,03,CORDILLERA,0314,PIRIBEBUY,1,URBANA,PRIV.SUBVENCIONADA,279,2012
2012,03,CORDILLERA,0314,PIRIBEBUY,1,URBANA,PRIVADA,362,2012
2012,03,CORDILLERA,0315,PRIMERO DE MARZO,1,URBANA,OFICIAL,280,2012
2012,03,CORDILLERA,0315,PRIMERO DE MARZO,6,RURAL,OFICIAL,1122,2012
2012,03,CORDILLERA,0316,SAN BERNARDINO,1,URBANA,OFICIAL,1589,2012
2012,03,CORDILLERA,0316,SAN BERNARDINO,6,RURAL,OFICIAL,829,2012
2012,03,CORDILLERA,0316,SAN BERNARDINO,1,URBANA,PRIV.SUBVENCIONADA,167,2012
2012,03,CORDILLERA,0320,SAN JOSE OBRERO,1,URBANA,OFICIAL,209,2012
2012,03,CORDILLERA,0320,SAN JOSE OBRERO,6,RURAL,OFICIAL,480,2012
2012,03,CORDILLERA,0317,SANTA ELENA,1,URBANA,PRIV.SUBVENCIONADA,115,2012
2012,03,CORDILLERA,0317,SANTA ELENA,6,RURAL,OFICIAL,555,2012
2012,03,CORDILLERA,0317,SANTA ELENA,1,URBANA,OFICIAL,578,2012
2012,03,CORDILLERA,0318,TOBATI,6,RURAL,OFICIAL,2698,2012
2012,03,CORDILLERA,0318,TOBATI,1,URBANA,PRIV.SUBVENCIONADA,69,2012
2012,03,CORDILLERA,0318,TOBATI,1,URBANA,OFICIAL,4286,2012
2012,03,CORDILLERA,0318,TOBATI,1,URBANA,PRIVADA,85,2012
2012,03,CORDILLERA,0319,VALENZUELA,1,URBANA,OFICIAL,576,2012
2012,03,CORDILLERA,0319,VALENZUELA,1,URBANA,PRIV.SUBVENCIONADA,132,2012
2012,03,CORDILLERA,0319,VALENZUELA,6,RURAL,OFICIAL,1009,2012
2012,04,GUAIRA,0402,BORJA,6,RURAL,OFICIAL,2720,2012
2012,04,GUAIRA,0402,BORJA,1,URBANA,OFICIAL,168,2012
2012,04,GUAIRA,0402,BORJA,1,URBANA,PRIV.SUBVENCIONADA,62,2012
2012,04,GUAIRA,0407,COLONIA INDEPENDENCIA,6,RURAL,PRIV.SUBVENCIONADA,560,2012
2012,04,GUAIRA,0407,COLONIA INDEPENDENCIA,1,URBANA,OFICIAL,1298,2012
2012,04,GUAIRA,0407,COLONIA INDEPENDENCIA,1,URBANA,PRIVADA,38,2012
2012,04,GUAIRA,0407,COLONIA INDEPENDENCIA,6,RURAL,OFICIAL,4438,2012
2012,04,GUAIRA,0407,COLONIA INDEPENDENCIA,6,RURAL,PRIVADA,26,2012
2012,04,GUAIRA,0404,CORONEL MARTINEZ,6,RURAL,OFICIAL,429,2012
2012,04,GUAIRA,0404,CORONEL MARTINEZ,6,RURAL,OFICIAL,424,2002
2012,04,GUAIRA,0404,CORONEL MARTINEZ,1,URBANA,OFICIAL,747,2012
2012,04,GUAIRA,0416,DR. BOTTRELL,6,RURAL,OFICIAL,87,2012
2012,04,GUAIRA,0416,DR. BOTTRELL,1,URBANA,OFICIAL,235,2012
2012,04,GUAIRA,0405,FELIX PEREZ CARDOZO,6,RURAL,OFICIAL,626,2012
2012,04,GUAIRA,0405,FELIX PEREZ CARDOZO,1,URBANA,OFICIAL,586,2012
2012,04,GUAIRA,0406,GENERAL EUGENIO A. GARAY,6,RURAL,PRIVADA,39,2012
2012,04,GUAIRA,0406,GENERAL EUGENIO A. GARAY,1,URBANA,OFICIAL,307,2012
2012,04,GUAIRA,0406,GENERAL EUGENIO A. GARAY,6,RURAL,OFICIAL,1382,2012
2012,04,GUAIRA,0408,ITAPE,1,URBANA,PRIV.SUBVENCIONADA,286,2012
2012,04,GUAIRA,0408,ITAPE,1,URBANA,OFICIAL,518,2012
2012,04,GUAIRA,0408,ITAPE,6,RURAL,OFICIAL,1071,2012
2012,04,GUAIRA,0409,ITURBE,1,URBANA,PRIV.SUBVENCIONADA,34,2012
2012,04,GUAIRA,0409,ITURBE,6,RURAL,OFICIAL,739,2012
2012,04,GUAIRA,0409,ITURBE,1,URBANA,PRIVADA,52,2012
2012,04,GUAIRA,0409,ITURBE,1,URBANA,OFICIAL,1462,2012
2012,04,GUAIRA,0410,JOSE FASSARDI,6,RURAL,OFICIAL,1191,2012
2012,04,GUAIRA,0410,JOSE FASSARDI,1,URBANA,OFICIAL,377,2012
2012,04,GUAIRA,0410,JOSE FASSARDI,1,URBANA,PRIVADA,56,2012
2012,04,GUAIRA,0403,MAURICIO JOSE TROCHE,1,URBANA,PRIV.SUBVENCIONADA,244,2012
2012,04,GUAIRA,0403,MAURICIO JOSE TROCHE,1,URBANA,OFICIAL,1263,2012
2012,04,GUAIRA,0403,MAURICIO JOSE TROCHE,1,URBANA,PRIVADA,137,2012
2012,04,GUAIRA,0403,MAURICIO JOSE TROCHE,6,RURAL,OFICIAL,1590,2012
2012,04,GUAIRA,0411,MBOCAYATY,1,URBANA,PRIV.SUBVENCIONADA,273,2012
2012,04,GUAIRA,0411,MBOCAYATY,6,RURAL,OFICIAL,864,2012
2012,04,GUAIRA,0411,MBOCAYATY,6,RURAL,PRIV.SUBVENCIONADA,92,2012
2012,04,GUAIRA,0411,MBOCAYATY,1,URBANA,OFICIAL,504,2012
2012,04,GUAIRA,0412,NATALICIO TALAVERA,6,RURAL,OFICIAL,381,2012
2012,04,GUAIRA,0412,NATALICIO TALAVERA,1,URBANA,OFICIAL,802,2012
2012,04,GUAIRA,0417,PASO YOBAI,6,RURAL,PRIVADA,27,2012
2012,04,GUAIRA,0417,PASO YOBAI,6,RURAL,OFICIAL,5187,2012
2012,04,GUAIRA,0417,PASO YOBAI,1,URBANA,OFICIAL,905,2012
2012,04,GUAIRA,0414,SAN SALVADOR,1,URBANA,PRIV.SUBVENCIONADA,226,2012
2012,04,GUAIRA,0414,SAN SALVADOR,6,RURAL,OFICIAL,362,2012
2012,04,GUAIRA,0414,SAN SALVADOR,1,URBANA,OFICIAL,185,2012
2012,04,GUAIRA,0418,TEBICUARY,6,RURAL,OFICIAL,111,2012
2012,04,GUAIRA,0418,TEBICUARY,1,URBANA,OFICIAL,168,2012
2012,04,GUAIRA,0401,VILLARRICA,1,URBANA,PRIV.SUBVENCIONADA,4458,2012
2012,04,GUAIRA,0401,VILLARRICA,1,URBANA,OFICIAL,9708,2012
2012,04,GUAIRA,0401,VILLARRICA,6,RURAL,OFICIAL,2937,2012
2012,04,GUAIRA,0401,VILLARRICA,1,URBANA,PRIVADA,787,2012
2012,04,GUAIRA,0415,YATAITY,6,RURAL,OFICIAL,358,2012
2012,04,GUAIRA,0415,YATAITY,6,RURAL,PRIV.SUBVENCIONADA,10,2012
2012,04,GUAIRA,0415,YATAITY,1,URBANA,OFICIAL,560,2012
2012,04,GUAIRA,0413,СUMI,1,URBANA,OFICIAL,489,2012
2012,04,GUAIRA,0413,СUMI,1,URBANA,PRIV.SUBVENCIONADA,97,2012
2012,04,GUAIRA,0413,СUMI,6,RURAL,OFICIAL,238,2012
2012,07,ITAPUA,0725,ALTO VERA,1,URBANA,OFICIAL,211,2012
2012,07,ITAPUA,0725,ALTO VERA,6,RURAL,OFICIAL,3581,2012
2012,07,ITAPUA,0702,BELLA VISTA,1,URBANA,PRIVADA,139,2012
2012,07,ITAPUA,0702,BELLA VISTA,1,URBANA,OFICIAL,1254,2012
2012,07,ITAPUA,0702,BELLA VISTA,6,RURAL,OFICIAL,784,2012
2012,07,ITAPUA,0702,BELLA VISTA,6,RURAL,PRIV.SUBVENCIONADA,121,2012
2012,07,ITAPUA,0702,BELLA VISTA,6,RURAL,PRIVADA,45,2012
2012,07,ITAPUA,0703,CAMBYRETA,6,RURAL,OFICIAL,3659,2012
2012,07,ITAPUA,0703,CAMBYRETA,1,URBANA,OFICIAL,3809,2012
2012,07,ITAPUA,0704,CAPITAN MEZA,6,RURAL,OFICIAL,1903,2012
2012,07,ITAPUA,0704,CAPITAN MEZA,1,URBANA,OFICIAL,608,2012
2012,07,ITAPUA,0704,CAPITAN MEZA,6,RURAL,PRIV.SUBVENCIONADA,181,2012
2012,07,ITAPUA,0705,CAPITAN MIRANDA,1,URBANA,OFICIAL,1099,2012
2012,07,ITAPUA,0705,CAPITAN MIRANDA,6,RURAL,OFICIAL,1148,2012
2012,07,ITAPUA,0705,CAPITAN MIRANDA,1,URBANA,PRIVADA,56,2012
2012,07,ITAPUA,0709,CARLOS ANTONIO LOPEZ,6,RURAL,OFICIAL,3258,2012
2012,07,ITAPUA,0709,CARLOS ANTONIO LOPEZ,6,RURAL,PRIV.SUBVENCIONADA,286,2012
2012,07,ITAPUA,0709,CARLOS ANTONIO LOPEZ,1,URBANA,OFICIAL,658,2012
2012,07,ITAPUA,0707,CARMEN DEL PARANA,1,URBANA,OFICIAL,522,2012
2012,07,ITAPUA,0707,CARMEN DEL PARANA,1,URBANA,PRIV.SUBVENCIONADA,885,2012
2012,07,ITAPUA,0707,CARMEN DEL PARANA,6,RURAL,OFICIAL,339,2012
2012,07,ITAPUA,0708,CORONEL BOGADO,1,URBANA,PRIV.SUBVENCIONADA,385,2012
2012,07,ITAPUA,0708,CORONEL BOGADO,6,RURAL,OFICIAL,1214,2012
2012,07,ITAPUA,0708,CORONEL BOGADO,1,URBANA,OFICIAL,2549,2012
2012,07,ITAPUA,0708,CORONEL BOGADO,1,URBANA,PRIVADA,402,2012
2012,07,ITAPUA,0723,EDELIRA,6,RURAL,PRIVADA,103,2012
2012,07,ITAPUA,0723,EDELIRA,6,RURAL,OFICIAL,5730,2012
2012,07,ITAPUA,0723,EDELIRA,1,URBANA,OFICIAL,480,2012
2012,07,ITAPUA,0723,EDELIRA,1,URBANA,PRIV.SUBVENCIONADA,566,2012
2012,07,ITAPUA,0701,ENCARNACION,1,URBANA,PRIVADA,7065,2012
2012,07,ITAPUA,0701,ENCARNACION,1,URBANA,OFICIAL,17319,2012
2012,07,ITAPUA,0701,ENCARNACION,1,URBANA,PRIV.SUBVENCIONADA,4041,2012
2012,07,ITAPUA,0701,ENCARNACION,6,RURAL,OFICIAL,3772,2012
2012,07,ITAPUA,0711,FRAM,1,URBANA,PRIV.SUBVENCIONADA,632,2012
2012,07,ITAPUA,0711,FRAM,1,URBANA,OFICIAL,551,2012
2012,07,ITAPUA,0711,FRAM,6,RURAL,OFICIAL,373,2012
2012,07,ITAPUA,0711,FRAM,1,URBANA,PRIVADA,81,2012
2012,07,ITAPUA,0712,GENERAL ARTIGAS,6,RURAL,OFICIAL,1105,2012
2012,07,ITAPUA,0712,GENERAL ARTIGAS,1,URBANA,OFICIAL,1313,2012
2012,07,ITAPUA,0713,GENERAL DELGADO,6,RURAL,OFICIAL,534,2012
2012,07,ITAPUA,0713,GENERAL DELGADO,1,URBANA,OFICIAL,295,2012
2012,07,ITAPUA,0713,GENERAL DELGADO,6,RURAL,PRIV.SUBVENCIONADA,393,2012
2012,07,ITAPUA,0713,GENERAL DELGADO,1,URBANA,PRIV.SUBVENCIONADA,311,2012
2012,07,ITAPUA,0714,HOHENAU,1,URBANA,PRIVADA,18,2002
2012,07,ITAPUA,0714,HOHENAU,6,RURAL,OFICIAL,1009,2012
2012,07,ITAPUA,0714,HOHENAU,1,URBANA,PRIVADA,589,2012
2012,07,ITAPUA,0714,HOHENAU,1,URBANA,PRIV.SUBVENCIONADA,415,2012
2012,07,ITAPUA,0714,HOHENAU,1,URBANA,OFICIAL,1219,2012
2012,07,ITAPUA,0730,ITAPUA POTY,6,RURAL,OFICIAL,103,2002
2012,07,ITAPUA,0730,ITAPUA POTY,6,RURAL,OFICIAL,2536,2012
2012,07,ITAPUA,0730,ITAPUA POTY,1,URBANA,OFICIAL,450,2012
2012,07,ITAPUA,0715,JESUS,1,URBANA,OFICIAL,651,2012
2012,07,ITAPUA,0715,JESUS,1,URBANA,PRIV.SUBVENCIONADA,320,2012
2012,07,ITAPUA,0715,JESUS,6,RURAL,OFICIAL,230,2012
2012,07,ITAPUA,0726,LA PAZ,1,URBANA,OFICIAL,569,2012
2012,07,ITAPUA,0726,LA PAZ,6,RURAL,OFICIAL,97,2012
2012,07,ITAPUA,0716,LEANDRO OVIEDO,6,RURAL,OFICIAL,660,2012
2012,07,ITAPUA,0716,LEANDRO OVIEDO,1,URBANA,OFICIAL,297,2012
2012,07,ITAPUA,0718,MAYOR OTAСO,1,URBANA,OFICIAL,1495,2012
2012,07,ITAPUA,0718,MAYOR OTAСO,1,URBANA,PRIV.SUBVENCIONADA,319,2012
2012,07,ITAPUA,0718,MAYOR OTAСO,6,RURAL,OFICIAL,1165,2012
2012,07,ITAPUA,0710,NATALIO,1,URBANA,OFICIAL,1313,2012
2012,07,ITAPUA,0710,NATALIO,6,RURAL,OFICIAL,3488,2012
2012,07,ITAPUA,0710,NATALIO,1,URBANA,PRIVADA,45,2012
2012,07,ITAPUA,0706,NUEVA ALBORADA,6,RURAL,OFICIAL,1344,2012
2012,07,ITAPUA,0706,NUEVA ALBORADA,1,URBANA,OFICIAL,188,2012
2012,07,ITAPUA,0706,NUEVA ALBORADA,6,RURAL,OFICIAL,3,2002
2012,07,ITAPUA,0717,OBLIGADO,6,RURAL,PRIVADA,48,2012
2012,07,ITAPUA,0717,OBLIGADO,1,URBANA,PRIVADA,108,2012
2012,07,ITAPUA,0717,OBLIGADO,1,URBANA,PRIV.SUBVENCIONADA,922,2012
2012,07,ITAPUA,0717,OBLIGADO,1,URBANA,OFICIAL,1239,2012
2012,07,ITAPUA,0717,OBLIGADO,6,RURAL,OFICIAL,938,2012
2012,07,ITAPUA,0717,OBLIGADO,6,RURAL,PRIV.SUBVENCIONADA,137,2012
2012,07,ITAPUA,0729,PIRAPO,1,URBANA,OFICIAL,580,2012
2012,07,ITAPUA,0729,PIRAPO,6,RURAL,OFICIAL,517,2012
2012,07,ITAPUA,0729,PIRAPO,1,URBANA,PRIV.SUBVENCIONADA,313,2012
2012,07,ITAPUA,0729,PIRAPO,6,RURAL,PRIV.SUBVENCIONADA,34,2012
2012,07,ITAPUA,0719,SAN COSME Y DAMIAN,1,URBANA,OFICIAL,759,2012
2012,07,ITAPUA,0719,SAN COSME Y DAMIAN,6,RURAL,OFICIAL,1335,2012
2012,07,ITAPUA,0728,SAN JUAN DEL PARANA,1,URBANA,OFICIAL,912,2012
2012,07,ITAPUA,0728,SAN JUAN DEL PARANA,6,RURAL,OFICIAL,968,2012
2012,07,ITAPUA,0720,SAN PEDRO DEL PARANA,1,URBANA,OFICIAL,1510,2012
2012,07,ITAPUA,0720,SAN PEDRO DEL PARANA,1,URBANA,PRIVADA,24,2012
2012,07,ITAPUA,0720,SAN PEDRO DEL PARANA,6,RURAL,OFICIAL,5681,2012
2012,07,ITAPUA,0720,SAN PEDRO DEL PARANA,1,URBANA,PRIV.SUBVENCIONADA,239,2012
2012,07,ITAPUA,0721,SAN RAFAEL DEL PARANA,1,URBANA,OFICIAL,307,2012
2012,07,ITAPUA,0721,SAN RAFAEL DEL PARANA,6,RURAL,OFICIAL,4655,2012
2012,07,ITAPUA,0724,TOMAS ROMERO PEREIRA,1,URBANA,OFICIAL,1552,2012
2012,07,ITAPUA,0724,TOMAS ROMERO PEREIRA,1,URBANA,PRIV.SUBVENCIONADA,924,2012
2012,07,ITAPUA,0724,TOMAS ROMERO PEREIRA,1,URBANA,PRIVADA,318,2012
2012,07,ITAPUA,0724,TOMAS ROMERO PEREIRA,6,RURAL,OFICIAL,4584,2012
2012,07,ITAPUA,0722,TRINIDAD,1,URBANA,OFICIAL,657,2012
2012,07,ITAPUA,0722,TRINIDAD,6,RURAL,OFICIAL,1095,2012
2012,07,ITAPUA,0727,YATYTAY,1,URBANA,PRIVADA,101,2012
2012,07,ITAPUA,0727,YATYTAY,1,URBANA,OFICIAL,890,2012
2012,07,ITAPUA,0727,YATYTAY,6,RURAL,OFICIAL,1491,2012
2012,07,ITAPUA,0727,YATYTAY,6,RURAL,PRIV.SUBVENCIONADA,24,2012
2012,08,MISIONES,0802,AYOLAS,1,URBANA,PRIVADA,408,2012
2012,08,MISIONES,0802,AYOLAS,1,URBANA,OFICIAL,3596,2012
2012,08,MISIONES,0802,AYOLAS,1,URBANA,PRIV.SUBVENCIONADA,95,2012
2012,08,MISIONES,0802,AYOLAS,6,RURAL,OFICIAL,610,2012
2012,08,MISIONES,0803,SAN IGNACIO,6,RURAL,OFICIAL,2733,2012
2012,08,MISIONES,0803,SAN IGNACIO,6,RURAL,PRIV.SUBVENCIONADA,61,2012
2012,08,MISIONES,0803,SAN IGNACIO,1,URBANA,PRIVADA,478,2012
2012,08,MISIONES,0803,SAN IGNACIO,1,URBANA,PRIV.SUBVENCIONADA,684,2012
2012,08,MISIONES,0803,SAN IGNACIO,1,URBANA,OFICIAL,3960,2012
2012,08,MISIONES,0803,SAN IGNACIO,1,URBANA,OFICIAL,85,2002
2012,08,MISIONES,0801,SAN JUAN BAUTISTA,1,URBANA,PRIVADA,679,2012
2012,08,MISIONES,0801,SAN JUAN BAUTISTA,1,URBANA,PRIV.SUBVENCIONADA,811,2012
2012,08,MISIONES,0801,SAN JUAN BAUTISTA,1,URBANA,OFICIAL,3039,2012
2012,08,MISIONES,0801,SAN JUAN BAUTISTA,6,RURAL,OFICIAL,1478,2012
2012,08,MISIONES,0804,SAN MIGUEL,1,URBANA,OFICIAL,417,2012
2012,08,MISIONES,0804,SAN MIGUEL,6,RURAL,OFICIAL,936,2012
2012,08,MISIONES,0805,SAN PATRICIO,6,RURAL,OFICIAL,453,2012
2012,08,MISIONES,0805,SAN PATRICIO,1,URBANA,OFICIAL,618,2012
2012,08,MISIONES,0806,SANTA MARIA,6,RURAL,OFICIAL,1172,2012
2012,08,MISIONES,0806,SANTA MARIA,1,URBANA,OFICIAL,855,2012
2012,08,MISIONES,0807,SANTA ROSA,6,RURAL,OFICIAL,2446,2012
2012,08,MISIONES,0807,SANTA ROSA,1,URBANA,OFICIAL,156,2002
2012,08,MISIONES,0807,SANTA ROSA,1,URBANA,OFICIAL,1527,2012
2012,08,MISIONES,0807,SANTA ROSA,1,URBANA,PRIV.SUBVENCIONADA,545,2012
2012,08,MISIONES,0808,SANTIAGO,1,URBANA,OFICIAL,913,2012
2012,08,MISIONES,0808,SANTIAGO,1,URBANA,PRIV.SUBVENCIONADA,50,2012
2012,08,MISIONES,0808,SANTIAGO,6,RURAL,OFICIAL,754,2012
2012,08,MISIONES,0809,VILLA FLORIDA,1,URBANA,OFICIAL,838,2012
2012,08,MISIONES,0809,VILLA FLORIDA,1,URBANA,PRIVADA,31,2012
2012,08,MISIONES,0810,YABEBYRY,6,RURAL,OFICIAL,281,2012
2012,08,MISIONES,0810,YABEBYRY,1,URBANA,OFICIAL,345,2012
2012,12,ÑEEMBUCU,1202,ALBERDI,1,URBANA,OFICIAL,1512,2012
2012,12,ÑEEMBUCU,1202,ALBERDI,1,URBANA,PRIV.SUBVENCIONADA,239,2012
2012,12,ÑEEMBUCU,1202,ALBERDI,1,URBANA,PRIVADA,55,2012
2012,12,ÑEEMBUCU,1202,ALBERDI,6,RURAL,OFICIAL,205,2012
2012,12,ÑEEMBUCU,1203,CERRITO,1,URBANA,OFICIAL,600,2012
2012,12,ÑEEMBUCU,1203,CERRITO,6,RURAL,OFICIAL,490,2012
2012,12,ÑEEMBUCU,1204,DESMOCHADOS,1,URBANA,OFICIAL,194,2012
2012,12,ÑEEMBUCU,1204,DESMOCHADOS,6,RURAL,OFICIAL,61,2012
2012,12,ÑEEMBUCU,1205,GENERAL DIAZ,1,URBANA,OFICIAL,392,2012
2012,12,ÑEEMBUCU,1205,GENERAL DIAZ,6,RURAL,OFICIAL,389,2012
2012,12,ÑEEMBUCU,1206,GUAZU CUA,1,URBANA,OFICIAL,175,2012
2012,12,ÑEEMBUCU,1206,GUAZU CUA,6,RURAL,OFICIAL,99,2012
2012,12,ÑEEMBUCU,1207,HUMAITA,6,RURAL,OFICIAL,156,2012
2012,12,ÑEEMBUCU,1207,HUMAITA,1,URBANA,OFICIAL,377,2012
2012,12,ÑEEMBUCU,1208,ISLA UMBU,1,URBANA,OFICIAL,269,2012
2012,12,ÑEEMBUCU,1208,ISLA UMBU,6,RURAL,OFICIAL,146,2012
2012,12,ÑEEMBUCU,1208,ISLA UMBU,1,URBANA,PRIVADA,6,2012
2012,12,ÑEEMBUCU,1209,LOS LAURELES,6,RURAL,OFICIAL,244,2012
2012,12,ÑEEMBUCU,1209,LOS LAURELES,1,URBANA,OFICIAL,345,2012
2012,12,ÑEEMBUCU,1210,MAYOR MARTINEZ,6,RURAL,OFICIAL,518,2012
2012,12,ÑEEMBUCU,1210,MAYOR MARTINEZ,1,URBANA,OFICIAL,451,2012
2012,12,ÑEEMBUCU,1211,PASO DE PATRIA,6,RURAL,OFICIAL,22,2012
2012,12,ÑEEMBUCU,1211,PASO DE PATRIA,1,URBANA,OFICIAL,319,2012
2012,12,ÑEEMBUCU,1201,PILAR,1,URBANA,OFICIAL,4560,2012
2012,12,ÑEEMBUCU,1201,PILAR,6,RURAL,OFICIAL,397,2012
2012,12,ÑEEMBUCU,1201,PILAR,1,URBANA,PRIVADA,197,2012
2012,12,ÑEEMBUCU,1201,PILAR,1,URBANA,PRIV.SUBVENCIONADA,3337,2012
2012,12,ÑEEMBUCU,1212,SAN JUAN BAUTISTA DE РEEMBUCU,6,RURAL,OFICIAL,752,2012
2012,12,ÑEEMBUCU,1212,SAN JUAN BAUTISTA DE РEEMBUCU,1,URBANA,OFICIAL,488,2012
2012,12,ÑEEMBUCU,1213,TACUARAS,6,RURAL,OFICIAL,569,2012
2012,12,ÑEEMBUCU,1213,TACUARAS,1,URBANA,OFICIAL,290,2012
2012,12,ÑEEMBUCU,1214,VILLA FRANCA,6,RURAL,OFICIAL,32,2012
2012,12,ÑEEMBUCU,1214,VILLA FRANCA,1,URBANA,OFICIAL,142,2012
2012,12,ÑEEMBUCU,1216,VILLALBIN,6,RURAL,OFICIAL,289,2012
2012,12,ÑEEMBUCU,1216,VILLALBIN,1,URBANA,OFICIAL,172,2012
2012,12,ÑEEMBUCU,1215,VILLA OLIVA,6,RURAL,OFICIAL,568,2012
2012,12,ÑEEMBUCU,1215,VILLA OLIVA,1,URBANA,OFICIAL,333,2012
2012,09,PARAGUARI,0902,ACAHAY,1,URBANA,PRIVADA,12,2012
2012,09,PARAGUARI,0902,ACAHAY,6,RURAL,OFICIAL,2581,2012
2012,09,PARAGUARI,0902,ACAHAY,1,URBANA,OFICIAL,1275,2012
2012,09,PARAGUARI,0902,ACAHAY,1,URBANA,PRIV.SUBVENCIONADA,69,2012
2012,09,PARAGUARI,0903,CAAPUCU,1,URBANA,PRIVADA,42,2012
2012,09,PARAGUARI,0903,CAAPUCU,6,RURAL,OFICIAL,872,2012
2012,09,PARAGUARI,0903,CAAPUCU,1,URBANA,OFICIAL,664,2012
2012,09,PARAGUARI,0903,CAAPUCU,1,URBANA,PRIV.SUBVENCIONADA,130,2012
2012,09,PARAGUARI,0905,CARAPEGUA,6,RURAL,PRIVADA,3,2012
2012,09,PARAGUARI,0905,CARAPEGUA,1,URBANA,PRIV.SUBVENCIONADA,1307,2012
2012,09,PARAGUARI,0905,CARAPEGUA,1,URBANA,PRIVADA,417,2012
2012,09,PARAGUARI,0905,CARAPEGUA,6,RURAL,OFICIAL,5256,2012
2012,09,PARAGUARI,0905,CARAPEGUA,6,RURAL,PRIV.SUBVENCIONADA,83,2012
2012,09,PARAGUARI,0905,CARAPEGUA,1,URBANA,OFICIAL,2085,2012
2012,09,PARAGUARI,0906,ESCOBAR,1,URBANA,OFICIAL,332,2012
2012,09,PARAGUARI,0906,ESCOBAR,6,RURAL,OFICIAL,1071,2012
2012,09,PARAGUARI,0904,GENERAL BERNARDINO CABALLERO,6,RURAL,OFICIAL,1230,2012
2012,09,PARAGUARI,0904,GENERAL BERNARDINO CABALLERO,1,URBANA,OFICIAL,374,2012
2012,09,PARAGUARI,0907,LA COLMENA,6,RURAL,OFICIAL,343,2012
2012,09,PARAGUARI,0907,LA COLMENA,1,URBANA,PRIV.SUBVENCIONADA,364,2012
2012,09,PARAGUARI,0907,LA COLMENA,1,URBANA,OFICIAL,901,2012
2012,09,PARAGUARI,0907,LA COLMENA,1,URBANA,PRIVADA,8,2012
2012,09,PARAGUARI,0908,MBUYAPEY,6,RURAL,OFICIAL,2690,2012
2012,09,PARAGUARI,0908,MBUYAPEY,1,URBANA,OFICIAL,921,2012
2012,09,PARAGUARI,0908,MBUYAPEY,1,URBANA,PRIV.SUBVENCIONADA,57,2012
2012,09,PARAGUARI,0908,MBUYAPEY,1,URBANA,PRIVADA,77,2012
2012,09,PARAGUARI,0901,PARAGUARI,1,URBANA,PRIVADA,421,2012
2012,09,PARAGUARI,0901,PARAGUARI,6,RURAL,OFICIAL,1402,2012
2012,09,PARAGUARI,0901,PARAGUARI,1,URBANA,OFICIAL,2926,2012
2012,09,PARAGUARI,0901,PARAGUARI,1,URBANA,PRIV.SUBVENCIONADA,1531,2012
2012,09,PARAGUARI,0909,PIRAYU,1,URBANA,OFICIAL,1103,2012
2012,09,PARAGUARI,0909,PIRAYU,1,URBANA,PRIV.SUBVENCIONADA,721,2012
2012,09,PARAGUARI,0909,PIRAYU,6,RURAL,OFICIAL,2550,2012
2012,09,PARAGUARI,0910,QUIINDY,1,URBANA,OFICIAL,1744,2012
2012,09,PARAGUARI,0910,QUIINDY,1,URBANA,PRIVADA,500,2012
2012,09,PARAGUARI,0910,QUIINDY,6,RURAL,OFICIAL,2169,2012
2012,09,PARAGUARI,0910,QUIINDY,6,RURAL,PRIVADA,35,2012
2012,09,PARAGUARI,0911,QUYQUYHO,1,URBANA,OFICIAL,544,2012
2012,09,PARAGUARI,0911,QUYQUYHO,1,URBANA,PRIV.SUBVENCIONADA,30,2012
2012,09,PARAGUARI,0911,QUYQUYHO,6,RURAL,OFICIAL,922,2012
2012,09,PARAGUARI,0912,SAN ROQUE GONZALEZ,1,URBANA,OFICIAL,1024,2012
2012,09,PARAGUARI,0912,SAN ROQUE GONZALEZ,1,URBANA,PRIVADA,29,2012
2012,09,PARAGUARI,0912,SAN ROQUE GONZALEZ,6,RURAL,OFICIAL,1743,2012
2012,09,PARAGUARI,0913,SAPUCAI,1,URBANA,OFICIAL,596,2012
2012,09,PARAGUARI,0913,SAPUCAI,6,RURAL,OFICIAL,950,2012
2012,09,PARAGUARI,0913,SAPUCAI,1,URBANA,PRIVADA,21,2012
2012,09,PARAGUARI,0914,TEBICUARY-MI,6,RURAL,OFICIAL,827,2012
2012,09,PARAGUARI,0914,TEBICUARY-MI,1,URBANA,OFICIAL,233,2012
2012,09,PARAGUARI,0915,YAGUARON,1,URBANA,OFICIAL,3248,2012
2012,09,PARAGUARI,0915,YAGUARON,6,RURAL,OFICIAL,3857,2012
2012,09,PARAGUARI,0915,YAGUARON,1,URBANA,PRIVADA,161,2012
2012,09,PARAGUARI,0915,YAGUARON,1,URBANA,PRIV.SUBVENCIONADA,364,2012
2012,09,PARAGUARI,0916,YBYCUI,6,RURAL,PRIVADA,118,2012
2012,09,PARAGUARI,0916,YBYCUI,6,RURAL,PRIVADA,41,2012
2012,09,PARAGUARI,0916,YBYCUI,1,URBANA,PRIVADA,9,2012
2012,09,PARAGUARI,0916,YBYCUI,1,URBANA,PRIV.SUBVENCIONADA,777,2012
2012,09,PARAGUARI,0916,YBYCUI,1,URBANA,OFICIAL,1212,2012
2012,09,PARAGUARI,0916,YBYCUI,6,RURAL,OFICIAL,3665,2012
2012,09,PARAGUARI,0917,YVYTIMI,1,URBANA,OFICIAL,367,2012
2012,09,PARAGUARI,0917,YVYTIMI,6,RURAL,OFICIAL,1332,2012
2012,15,PRESIDENTE HAYES,1502,BENJAMIN ACEVAL,1,URBANA,PRIV.SUBVENCIONADA,777,2012
2012,15,PRESIDENTE HAYES,1502,BENJAMIN ACEVAL,6,RURAL,PRIVADA,318,2012
2012,15,PRESIDENTE HAYES,1502,BENJAMIN ACEVAL,6,RURAL,PRIV.SUBVENCIONADA,1308,2012
2012,15,PRESIDENTE HAYES,1502,BENJAMIN ACEVAL,1,URBANA,PRIVADA,153,2012
2012,15,PRESIDENTE HAYES,1502,BENJAMIN ACEVAL,1,URBANA,OFICIAL,1679,2012
2012,15,PRESIDENTE HAYES,1502,BENJAMIN ACEVAL,6,RURAL,OFICIAL,2600,2012
2012,15,PRESIDENTE HAYES,1509,GENERAL JOSE MARIA BRUGUEZ,6,RURAL,OFICIAL,231,2012
2012,15,PRESIDENTE HAYES,1509,GENERAL JOSE MARIA BRUGUEZ,1,URBANA,OFICIAL,165,2012
2012,15,PRESIDENTE HAYES,1506,JOSE FALCON,1,URBANA,OFICIAL,262,2012
2012,15,PRESIDENTE HAYES,1506,JOSE FALCON,6,RURAL,OFICIAL,614,2012
2012,15,PRESIDENTE HAYES,1505,NANAWA,1,URBANA,PRIV.SUBVENCIONADA,324,2012
2012,15,PRESIDENTE HAYES,1505,NANAWA,1,URBANA,OFICIAL,396,2012
2012,15,PRESIDENTE HAYES,1501,POZO COLORADO,6,RURAL,OFICIAL,19,2002
2012,15,PRESIDENTE HAYES,1501,POZO COLORADO,1,URBANA,OFICIAL,30,2002
2012,15,PRESIDENTE HAYES,1501,POZO COLORADO,6,RURAL,OFICIAL,425,2012
2012,15,PRESIDENTE HAYES,1501,POZO COLORADO,6,RURAL,PRIV.SUBVENCIONADA,7,2002
2012,15,PRESIDENTE HAYES,1501,POZO COLORADO,6,RURAL,PRIVADA,78,2012
2012,15,PRESIDENTE HAYES,1503,PUERTO PINASCO,6,RURAL,PRIVADA,181,2012
2012,15,PRESIDENTE HAYES,1503,PUERTO PINASCO,6,RURAL,PRIV.SUBVENCIONADA,28,2012
2012,15,PRESIDENTE HAYES,1503,PUERTO PINASCO,6,RURAL,OFICIAL,1224,2012
2012,15,PRESIDENTE HAYES,1503,PUERTO PINASCO,1,URBANA,OFICIAL,368,2012
2012,15,PRESIDENTE HAYES,1507,TTE 1RO MANUEL IRALA FERNANDEZ,6,RURAL,OFICIAL,2609,2012
2012,15,PRESIDENTE HAYES,1507,TTE 1RO MANUEL IRALA FERNANDEZ,6,RURAL,PRIVADA,588,2012
2012,15,PRESIDENTE HAYES,1507,TTE 1RO MANUEL IRALA FERNANDEZ,1,URBANA,OFICIAL,111,2012
2012,15,PRESIDENTE HAYES,1507,TTE 1RO MANUEL IRALA FERNANDEZ,1,URBANA,PRIV.SUBVENCIONADA,161,2012
2012,15,PRESIDENTE HAYES,1507,TTE 1RO MANUEL IRALA FERNANDEZ,1,URBANA,PRIVADA,63,2012
2012,15,PRESIDENTE HAYES,1507,TTE 1RO MANUEL IRALA FERNANDEZ,6,RURAL,PRIV.SUBVENCIONADA,176,2012
2012,15,PRESIDENTE HAYES,1508,TTE. ESTEBAN MARTINEZ,6,RURAL,PRIV.SUBVENCIONADA,307,2012
2012,15,PRESIDENTE HAYES,1508,TTE. ESTEBAN MARTINEZ,6,RURAL,OFICIAL,204,2012
2012,15,PRESIDENTE HAYES,1508,TTE. ESTEBAN MARTINEZ,1,URBANA,OFICIAL,141,2012
2012,15,PRESIDENTE HAYES,1504,VILLA HAYES,1,URBANA,OFICIAL,4254,2012
2012,15,PRESIDENTE HAYES,1504,VILLA HAYES,6,RURAL,PRIVADA,74,2002
2012,15,PRESIDENTE HAYES,1504,VILLA HAYES,6,RURAL,PRIVADA,146,2012
2012,15,PRESIDENTE HAYES,1504,VILLA HAYES,6,RURAL,PRIV.SUBVENCIONADA,1050,2012
2012,15,PRESIDENTE HAYES,1504,VILLA HAYES,6,RURAL,OFICIAL,5167,2012
2012,15,PRESIDENTE HAYES,1504,VILLA HAYES,1,URBANA,PRIVADA,653,2012
2012,15,PRESIDENTE HAYES,1504,VILLA HAYES,1,URBANA,PRIV.SUBVENCIONADA,1323,2012
2012,02,SAN PEDRO,0212,25 DE DICIEMBRE,1,URBANA,OFICIAL,423,2012
2012,02,SAN PEDRO,0212,25 DE DICIEMBRE,6,RURAL,OFICIAL,2428,2012
2012,02,SAN PEDRO,0202,ANTEQUERA,6,RURAL,OFICIAL,133,2012
2012,02,SAN PEDRO,0202,ANTEQUERA,1,URBANA,OFICIAL,1257,2012
2012,02,SAN PEDRO,0217,CAPIIBARY,1,URBANA,OFICIAL,2015,2012
2012,02,SAN PEDRO,0217,CAPIIBARY,1,URBANA,PRIV.SUBVENCIONADA,244,2012
2012,02,SAN PEDRO,0217,CAPIIBARY,6,RURAL,OFICIAL,9611,2012
2012,02,SAN PEDRO,0217,CAPIIBARY,1,URBANA,PRIVADA,443,2012
2012,02,SAN PEDRO,0203,CHORE,6,RURAL,OFICIAL,7203,2012
2012,02,SAN PEDRO,0203,CHORE,1,URBANA,OFICIAL,1491,2012
2012,02,SAN PEDRO,0203,CHORE,1,URBANA,PRIV.SUBVENCIONADA,465,2012
2012,02,SAN PEDRO,0203,CHORE,1,URBANA,PRIVADA,303,2012
2012,02,SAN PEDRO,0204,GENERAL ELIZARDO AQUINO,6,RURAL,OFICIAL,5737,2012
2012,02,SAN PEDRO,0204,GENERAL ELIZARDO AQUINO,1,URBANA,PRIVADA,226,2012
2012,02,SAN PEDRO,0204,GENERAL ELIZARDO AQUINO,6,RURAL,PRIVADA,20,2012
2012,02,SAN PEDRO,0204,GENERAL ELIZARDO AQUINO,1,URBANA,OFICIAL,1306,2012
2012,02,SAN PEDRO,0204,GENERAL ELIZARDO AQUINO,1,URBANA,PRIV.SUBVENCIONADA,353,2012
2012,02,SAN PEDRO,0214,GENERAL RESQUIN,1,URBANA,OFICIAL,1173,2012
2012,02,SAN PEDRO,0214,GENERAL RESQUIN,6,RURAL,PRIV.SUBVENCIONADA,506,2012
2012,02,SAN PEDRO,0214,GENERAL RESQUIN,6,RURAL,OFICIAL,6057,2012
2012,02,SAN PEDRO,0214,GENERAL RESQUIN,6,RURAL,OFICIAL,52,2002
2012,02,SAN PEDRO,0216,GUAYAIBI,1,URBANA,OFICIAL,1166,2012
2012,02,SAN PEDRO,0216,GUAYAIBI,1,URBANA,PRIV.SUBVENCIONADA,26,2012
2012,02,SAN PEDRO,0216,GUAYAIBI,6,RURAL,OFICIAL,22,2002
2012,02,SAN PEDRO,0216,GUAYAIBI,1,URBANA,PRIVADA,6,2012
2012,02,SAN PEDRO,0216,GUAYAIBI,6,RURAL,PRIV.SUBVENCIONADA,57,2012
2012,02,SAN PEDRO,0216,GUAYAIBI,6,RURAL,OFICIAL,7815,2012
2012,02,SAN PEDRO,0205,ITACURUBI DEL ROSARIO,1,URBANA,PRIV.SUBVENCIONADA,187,2012
2012,02,SAN PEDRO,0205,ITACURUBI DEL ROSARIO,6,RURAL,PRIVADA,116,2012
2012,02,SAN PEDRO,0205,ITACURUBI DEL ROSARIO,1,URBANA,OFICIAL,1333,2012
2012,02,SAN PEDRO,0205,ITACURUBI DEL ROSARIO,6,RURAL,OFICIAL,1556,2012
2012,02,SAN PEDRO,0220,LIBERACION,6,RURAL,OFICIAL,5404,2012
2012,02,SAN PEDRO,0220,LIBERACION,1,URBANA,OFICIAL,588,2012
2012,02,SAN PEDRO,0206,LIMA,1,URBANA,PRIV.SUBVENCIONADA,78,2012
2012,02,SAN PEDRO,0206,LIMA,1,URBANA,OFICIAL,684,2012
2012,02,SAN PEDRO,0206,LIMA,6,RURAL,OFICIAL,2821,2012
2012,02,SAN PEDRO,0207,NUEVA GERMANIA,6,RURAL,OFICIAL,800,2012
2012,02,SAN PEDRO,0207,NUEVA GERMANIA,1,URBANA,OFICIAL,681,2012
2012,02,SAN PEDRO,0208,SAN ESTANISLAO,1,URBANA,PRIV.SUBVENCIONADA,2341,2012
2012,02,SAN PEDRO,0208,SAN ESTANISLAO,1,URBANA,PRIVADA,886,2012
2012,02,SAN PEDRO,0208,SAN ESTANISLAO,6,RURAL,OFICIAL,91,2002
2012,02,SAN PEDRO,0208,SAN ESTANISLAO,6,RURAL,OFICIAL,8168,2012
2012,02,SAN PEDRO,0208,SAN ESTANISLAO,1,URBANA,OFICIAL,3929,2012
2012,02,SAN PEDRO,0209,SAN PABLO,6,RURAL,PRIV.SUBVENCIONADA,117,2012
2012,02,SAN PEDRO,0209,SAN PABLO,1,URBANA,OFICIAL,599,2012
2012,02,SAN PEDRO,0209,SAN PABLO,6,RURAL,OFICIAL,486,2012
2012,02,SAN PEDRO,0201,SAN PEDRO DEL YKUAMANDIYU,1,URBANA,OFICIAL,3383,2012
2012,02,SAN PEDRO,0201,SAN PEDRO DEL YKUAMANDIYU,6,RURAL,PRIV.SUBVENCIONADA,44,2012
2012,02,SAN PEDRO,0201,SAN PEDRO DEL YKUAMANDIYU,1,URBANA,PRIVADA,98,2012
2012,02,SAN PEDRO,0201,SAN PEDRO DEL YKUAMANDIYU,6,RURAL,OFICIAL,8,2002
2012,02,SAN PEDRO,0201,SAN PEDRO DEL YKUAMANDIYU,6,RURAL,OFICIAL,6140,2012
2012,02,SAN PEDRO,0201,SAN PEDRO DEL YKUAMANDIYU,6,RURAL,PRIVADA,41,2012
2012,02,SAN PEDRO,0201,SAN PEDRO DEL YKUAMANDIYU,1,URBANA,PRIV.SUBVENCIONADA,621,2012
2012,02,SAN PEDRO,0218,SANTA ROSA DEL AGUARAY,1,URBANA,PRIVADA,48,2012
2012,02,SAN PEDRO,0218,SANTA ROSA DEL AGUARAY,6,RURAL,OFICIAL,8001,2012
2012,02,SAN PEDRO,0218,SANTA ROSA DEL AGUARAY,1,URBANA,OFICIAL,2200,2012
2012,02,SAN PEDRO,0210,TACUATI,6,RURAL,PRIVADA,11,2012
2012,02,SAN PEDRO,0210,TACUATI,6,RURAL,PRIV.SUBVENCIONADA,99,2012
2012,02,SAN PEDRO,0210,TACUATI,6,RURAL,OFICIAL,3506,2012
2012,02,SAN PEDRO,0210,TACUATI,1,URBANA,OFICIAL,794,2012
2012,02,SAN PEDRO,0211,UNION,1,URBANA,OFICIAL,910,2012
2012,02,SAN PEDRO,0211,UNION,6,RURAL,PRIV.SUBVENCIONADA,40,2012
2012,02,SAN PEDRO,0211,UNION,6,RURAL,OFICIAL,889,2012
2012,02,SAN PEDRO,0213,VILLA DEL ROSARIO,1,URBANA,PRIVADA,146,2012
2012,02,SAN PEDRO,0213,VILLA DEL ROSARIO,1,URBANA,PRIV.SUBVENCIONADA,438,2012
2012,02,SAN PEDRO,0213,VILLA DEL ROSARIO,1,URBANA,OFICIAL,2097,2012
2012,02,SAN PEDRO,0213,VILLA DEL ROSARIO,6,RURAL,PRIVADA,105,2012
2012,02,SAN PEDRO,0213,VILLA DEL ROSARIO,6,RURAL,OFICIAL,1582,2012
2012,02,SAN PEDRO,0215,YATAITY DEL NORTE,1,URBANA,OFICIAL,915,2012
2012,02,SAN PEDRO,0215,YATAITY DEL NORTE,6,RURAL,OFICIAL,2880,2012
2012,02,SAN PEDRO,0219,YRYVU CUA,1,URBANA,OFICIAL,582,2012
2012,02,SAN PEDRO,0219,YRYVU CUA,6,RURAL,OFICIAL,3407,2012
2012,02,SAN PEDRO,0219,YRYVU CUA,6,RURAL,PRIVADA,108,2012
