IDENTIFICADOR,CUENTA MAYOR,SUBCUENTA,ANALITICO,TIPO VEHICULO,MARCA,MODELO,MOTOR,CHASIS,COLOR,CHAPA,I.M.H.,LOGO,FECHA ADQUISICION,ROTULADO,CANTIDAD,VALOR UNITARIO,VALOR TOTAL,ESTADO DE CONSERVACION,OBSERVACIONES,anho
1,26103,1,2,CAMIONETA,TOYOTA,,L-0534809,LN-40097687,BEIGE,EAA 938,9026,18,31/12/1980,07.22891.01.0017,1,17000000,17000000,MALO,DEPARTAMENTO DE IMPRENTA,1980
2,26103,1,2,CAMIONETA,ISUZU,,204456,JACUBS-521E4447716,,EAA 940,440,56,31/12/1983,07.22861.01.0012,1,30000000,30000000,MALO,DEPARTAMENTO DE IMPRENTA,1983
3,26103,1,2,CAMIONETA,TOYOTA,,LO-342729,LN40-040278,BLANCO,EAA 942,685,74,31/12/1981,07.16776.01.0017,1,15000000,15000000,MALO,DEPARTAMENTO DE IMPRENTA,1981
4,26103,1,2,CAMIONETA,MITSUBISHI,,4D56BK1640,DLO49VHJ400601,AZUL,EAA 937,2310,4,31/12/1988,07.22967.01.0028,1,30000000,30000000,MALO,DEPARTAMENTO DE IMPRENTA,1988
5,26103,1,2,JEEP,LAN,,12J357890,SALLDHMC8BA305894,BLANCO,EAA 932,2149,125,31/12/1988,07.23034.00.0095,1,50000000,50000000,MALO,DEPARTAMENTO DE IMPRENTA,1988
6,26103,1,2,CAMIONETA,MITSUBISHI,1995,4D56GQ0191,DJNK340SP-01473,BLANCO,5665,5489,149,31/12/1995,07.22891.01.0043,1,32069392,32069392,MALO,DEPARTAMENTO DE IMPRENTA,1995
7,26103,1,2,CAMIONETA,TOYOTA,,L-0534809,LN-40097687,BEIGE,EAA 938,9026,18,31/12/1980,07.22891.01.0017,1,17000000,17000000,MALO,DEPARTAMENTO DE IMPRENTA,1980
8,26103,1,2,CAMIONETA,ISUZU,,204456,JACUBS-521E4447716,,EAA 940,440,56,31/12/1983,07.22861.01.0012,1,30000000,30000000,MALO,DEPARTAMENTO DE IMPRENTA,1983
9,26103,1,2,CAMIONETA,TOYOTA,,LO-342729,LN40-040278,BLANCO,EAA 942,685,74,31/12/1981,07.16776.01.0017,1,15000000,15000000,MALO,DEPARTAMENTO DE IMPRENTA,1981
10,26103,1,2,CAMIONETA,MITSUBISHI,,4D56BK1640,DLO49VHJ400601,AZUL,EAA 937,2310,4,31/12/1988,07.22967.01.0028,1,30000000,30000000,MALO,DEPARTAMENTO DE IMPRENTA,1988
11,26103,1,2,JEEP,LAN,,12J357890,SALLDHMC8BA305894,BLANCO,EAA 932,2149,125,31/12/1988,07.23034.00.0095,1,50000000,50000000,MALO,DEPARTAMENTO DE IMPRENTA,1988
12,26103,1,2,CAMIONETA,MITSUBISHI,1995,4D56GQ0191,DJNK340SP-01473,BLANCO,5665,5489,149,31/12/1995,07.22891.01.0043,1,32069392,32069392,MALO,DEPARTAMENTO DE IMPRENTA,1995
13,26103,1,2,CAMIONETA,MITSUBISHI,,4D56-EG6458,DONV440NJ00957,AZUL,EAA 955,5486,128,31/12/2005,07.22851.01.0028,1,40000000,40000000,MALO,DEPARTAMENTO DE IMPRENTA,2005
14,26103,1,1,CAMIONETA,MITSUBISHI,1992,4D56-EK9011,DJNK-340NP02000,AZUL,EAA 945,10926,205,31/12/1992,07.22891.01.0070,1,31925753,31925753,MALO,DEPARTAMENTO DE IMPRENTA,1992
15,26103,1,2,CAMIONETA,MITSUBICHI,1995,4D56GM5354,DJNK3405801674,,AJV 354,807,211,31/12/1995,07-22891-01-0081,1,65300000,65300000,MALO,DEPARTAMENTO DE IMPRENTA,1995
16,26103,1,2,CAMIONETA,MITSUBICHI,1996,4D56HH6307,DONVJ240TJ00146,,AXK 964,808,213,31/12/1996,07-22891-01-0075,1,32069392,32069392,MALO,DEPARTAMENTO DE IMPRENTA,1996
17,26103,1,2,CAMIONETA,NISSAN,1998,,VSKTVLOV0313703,,,809,212,31/12/1998,07-22891-01-0074,1,75000000,75000000,MALO,DEPARTAMENTO DE IMPRENTA,1998
18,26103,1,1,AUTOMOVIL,TOYOTA,,2L-1431318,LX70-0016247,GRIS,,1557,11,31/12/1987,07.22891.01.0016,1,20000000,20000000,ROBADO,ROBADO,1987
19,26103,1,2,CAMIONETA,MITSUBISHI,1994,4M40AK7346,DONV460SJ00279,ROJO,,2732,146,31/12/1994,07.22891.01.0041,1,87000000,87000000,ROBADO,ROBADO,1994
20,26103,1,2,JEEP,TOYOTA,,127194,OJ-62818,BEIGE,,923,63,31/12/1982,07.03011.00.0001,1,20000000,20000000,ROBADO,ROBADO,1982
21,26103,1,2,CAMIONETA,MITSUBISHI,1995,4D56-GM5813,DJNK340-SP01722,AZUL,EAA 948,2830,144,31/12/1994,07.22891.01.0041,1,87000000,87000000,ROBADO,ROBADO,1994
22,26103,1,2,CAMIONETA,MITSUBISHI,1995,4D56-GS4635,DJNK340SP-06170,AZUL,EAA 890,4506,169,31/12/1995,07.22890.01.0043,1,65300000,65300000,ROBADO,ROBADO,1995
23,26103,1,2,CAMIONETA,MITSUBISHI,1995,4D56-GP9220,DJNK340SP-03503,ROJO,EAA 917,5485,157,31/12/1995,07.22896.01.0026,1,33028800,33028800,ROBADO,ROBADO,1995
24,26103,1,2,CAMIONETA,MITSUBISHI,1995,4D56GP9413,DJNK340SP-03529,BLANCO,,5488,148,31/12/1995,07.22870.00.0132,1,32069392,32069392,ROBADO,ROBADO,1995
25,26103,1,2,CAMIONETA,MITSUBISHI,1996,4D56-HH9364,DJNK340TP-03540,BLANCO,,5498,178,31/12/1996,07.22869.01.0172,1,30925753,30925753,ROBADO,ROBADO,1996
26,26103,1,2,CAMIONETA,MITSUBISHI,1996,4D56HH9905,DJNK340TP-03604,GRIS,EAA 935,5505,185,31/12/1996,07.22891.01.0059,1,30925753,30925753,ROBADO,ROBADO,1996
27,26103,1,2,CAMIONETA,MITSUBISHI,,4D56-HH9076,,,,5508,188,31/12/1996,07.22891.01.0061,1,30925753,30925753,ROBADO,ROBADO,1996
28,26103,1,2,CAMIONETA,FORD,2005,C20165547,8AFDR13F85J383211,BLANCO,EAD 301,10090,242,12/31/2005,07.22870.00.1686,1,115605455,115605455,BUENO,PROYECTO UCP-MEC/BID,1996
29,26103,1,2,CAMIONETA,FORD,2005,C20170385,8AFDR13F15J395913,ROJO,EAD 302,10091,245,12/31/2005,07.22870.00.1689,1,115605455,115605455,BUENO,PROYECTO UCP-MEC/BID,2005
30,26103,1,2,CAMIONETA,FORD,2005,C20165606,8AFDR13F25J383849,BLANCO,EAD 303,10092,246,12/31/2005,07.22870.00.1690,1,115605455,115605455,MALO,PROYECTO UCP-MEC/BID,2005
31,26103,1,2,CAMIONETA,FORD,2005,C20165353,8AFDR13F15J382868,BLANCO,EAD 434,10095,243,31/12/2005,07.22870.00.1687,1,115605455,115605455,BUENO,PROYECTO UCP-MEC/BID,2005
32,26103,1,2,CAMIONETA,FORD,2005,C20162976,8AFDR13F95J374968,ROJO,EAD 435,10094,244,31/12/2005,07.22870.00.1688,1,115605455,115605455,BUENO,PROYECTO UCP-MEC/BID,2005
33,26103,1,2,CAMIONETA,FORD,2010,D56284001,8AFER13PXAJ279925,,EAF 731,1,,15/12/2010,07.22870.00.3237,1,150000000,150000000,MUY BUENO,PROYECTO UCP-MEC/BID,2010
34,26103,1,2,CAMIONETA,FORD,2010,D56284062,8AFER13P1AJ279926,,EAF 729,2,,15/12/2010,07.22870.00.3238,1,150000000,150000000,MUY BUENO,PROYECTO UCP-MEC/BID,2010
35,26103,1,2,CAMIONETA,FORD,2010,D56284185,8AFER13P6AJ281042,,EAF 726,3,,15/12/2010,07.22870.00.3239,1,150000000,150000000,MUY BUENO,PROYECTO UCP-MEC/BID,2010
36,26103,1,2,CAMIONETA,MITSUBISHI,,4D56GR8437,DJNK340SP-05537,GRIS,EAA 898,4499,162,31/12/1995,07.22870.01.0049,1,65300000,65300000,BUENO,PROYECTO UCP-MEC/BID,2010
37,26103,1,2,CAMIONETA,MITSUBISHI,1996,4D56HH8168,DJNK340TP-03457,AZUL,EAA 907,5507,187,31/12/1996,07.22891.01.0060,1,32069392,32069392,BUENO,PROYECTO UCP-MEC/BID,1995
38,26103,1,2,CAMIONETA,VOLSWAGEN,,UG-018588,9BWZZZ23ZHP013411,BORDO,EAA 922,1520,78,31/12/1987,07.22891.01.0003,1,5000000,5000000,MALO,INSTITUTO SUPERIOR DE EDUCACION,1996
39,26103,1,2,CAMIONETA,MITSUBICHI,2008,4D56CH6810,93XGNK7408C735417,,EAE 544,811,252,28/12/2008,07-22891-01-0079,1,150000,150000,MUY BUENO,INSTITUTO SUPERIOR DE EDUCACION,1987
40,26103,1,2,CAMIONETA,MITSUBICHI,2008,4D56-CH7771,93XGNK7408C735704,,EAE 545,810,810,28/12/2008,07-22891-01-0080,1,150000000,150000000,MUY BUENO,INSTITUTO SUPERIOR DE EDUCACION,2008
41,26103,1,2,CAMIONETA,FORD,,,8AFER13P0BJ411849,BLANCOOXFORD,BGE 855,977,,23/08/2011,07.22891.03.0021,1,138500000,138500000,MUY BUENO,PRODEPA,2008
42,26103,1,2,CAMIONETA,FORD,,,8AFER13P9BJ411851,BLANCOOXFORD,EAF 805,978,,23/08/2011,07.22891.03.0022,1,138500000,138500000,MUY BUENO,PRODEPA,2011
43,26103,1,2,CAMIONETA,FORD,,,8AFER13P9BJ411848,BLANCOOXFORD,EAF 804,979,,23/08/2011,07.22891.03.0023,1,138500000,138500000,MUY BUENO,PRODEPA,2011
44,26103,1,2,CAMIONETA,FORD,,,8AFER13P7BJ411850,BLANCOOXFORD,EAF 801,,,23/08/2011,07.22891.03.0024,1,138500000,138500000,MUY BUENO,PRODEPA,2011
45,26103,1,2,CAMIONETA,DE,,HAH3507,TA3H411091011,ROJO,EAA 941,1331,57,31/12/1978,07.22891.01.0023,1,10000000,10000000,MALO,COLEGIO DE EDUCACION VOCACIONAL,1978
46,26103,1,3,MICRO,MITSUBISHI,1985,4D30-489380,BE211DL02756,ROSA,EAA931,602,95,31/12/1985,07.22981.01.0018,1,35000000,35000000,MALO,TELEEDUCACION,1985
47,26103,1,2,CAMIONETA,MITSUBISHI,1995,4D56-GP8279,DJKN340SP-03449,GRIS,EAA 921,5491,151,31/12/1995,07.22870.00.0135,1,32069392,32069392,MALO,COLEGIO TECNICO NACIONAL,1995
48,26103,1,2,CAMIONETA,FORD,1989,229-04-203479,9BFEXXL39KDB01638,,EAA 939,2692,31,31/12/1989,07.22891.01.0020,1,10000000,10000000,MALO,COLEGIO DE FORMACION LABORAL PARA PERSONAS DISCAPACITADAS ,1989
49,26103,1,3,MICRO,BUS,1980,DO-100-31251,KM640-10322,BLANCO,EAA 925,1330,32,31/12/1980,07.22891.01.0021,1,18000000,18000000,MALO,COLEGIO DE EDUCACION VOCACIONAL,1980
50,26103,1,3,MICROBUS,MITSUBICHI,1985,4D30-488991,BE211DL02762,BEIGE,EAA 908,603,94,31/12/1985,07.22891.01.0028,1,35000000,35000000,MALO,DEPARTAMENTO DE DE TRANSPORTE,1985
51,26103,1,1,AUTOMOVIL,TOYOTA,,2JZ-0254139,JZS133-0023521,NEGRO,EAA 950,2822,141,31/12/1995,07.22851.01.0027,1,96706510,96706510,BUENO,DEPARTAMENTO DE DE TRANSPORTE,1995
52,26103,1,2,CAMIONETA,TOYOTAHILUX,,2L-1213694,LN65-0041913,BLANCO,EAA 943,1463,116,31/12/1988,07.11771.00.2217,1,15000000,15000000,MALO,COLEGIO NAC DE LA CAPITAL,1988
53,26103,1,1,AUTOMOVIL,MITSUBISHI,,4D68RB6461,SNE57ARZ001215,GRIS,EAA 949,2836,142,31/12/1995,07.22854.01.0020,1,61760000,61760000,MALO,DEPARTAMENTO DE DE TRANSPORTE,1995
54,26103,1,2,CAMIONETA,TOYOTA,,2L-3474718,LN85-0127938,ROJO,EAA 951,2618,138,31/12/1994,07.22889.01.0019,1,33676000,33676000,MALO,ADQUISICION Y SUMINISTRO,1994
55,26103,1,2,CAMIONETA,MITSUBISHI,,4M40-AS7789,DHNV360SJ00389,AZUL,EAA 956,5487,147,31/12/1995,07.22870.00.0140,1,42269000,42269000,MALO,DEPARTAMENTO DE DE TRANSPORTE,1995
56,26103,1,2,CAMIONETA,MITSUBISHI,,4D56GS4878,DJNK340SP06186,GRIS,EAA 895,4502,165,31/12/1995,07.22890.01.0044,1,65300000,65300000,MALO,DEPARTAMENTO DE DE TRANSPORTE,1995
57,26103,1,2,CAMIONETA,MITSUBISHI,1995,4D56-GS5875,DJNK340SP-06297,GRIS,EAA 893,4503,166,31/12/1995,07.22890.01.0041,1,65300000,65300000,REGULAR,DEPARTAMENTO DE DE TRANSPORTE,1995
58,26103,1,2,CAMIONETA,MITSUBISHI,1995,4D56-GP7712,DJKN340SP-03399,GRIS,EAA 900,5490,15,31/12/1995,07.22870.00.0134,1,32069392,32069392,REGULAR,DEPARTAMENTO DE DE TRANSPORTE,1995
59,26103,1,2,CAMIONETA,MITSUBISHI,1995,4D56-GS4148,DJNK340SP-06109,AZUL,,4505,168,31/12/1995,07.22890.01.0042,1,65300000,65300000,REGULAR,DEPARTAMENTO DE DE TRANSPORTE,1995
60,26103,1,2,CAMIONETA,MITSUBISHI,1993,4D56-FM2722,DJNK-340PP03623,ROJO,,8473,,31/12/1993,07.22891.01.0071,1,48750000,48750000,MALO,DEPARTAMENTO DE DE TRANSPORTE,1993
61,26103,1,2,CAMIONETA,MITSUBISHI,1995,4D56-GS6364,DJNK340SP-06308,ROJO,EAA 889,4510,173,31/12/1995,07.22890.01.0053,1,65300000,65300000,REGULAR,DEPARTAMENTO DE DE TRANSPORTE,1995
62,26103,1,2,CAMIONETA,MITSUBISHI,1995,4D56GS5727,DJNK340SP-06249,BLANCO,EAA 914,4511,174,31/12/1995,07.22890.01.0057,1,65300000,65300000,REGULAR,DEPARTAMENTO DE DE TRANSPORTE,1995
63,26103,1,2,CAMIONETA,MITSUBISHI,,4D56-GS2733,DJNK340SP06304,BLANCO,EAA 915,,,31/12/1995,07.22890.01.0088,1,65300000,65300000,REGULAR,GESTION SOCIAL,1995
64,26103,1,1,AUTOMOVIL,DAEWO,1997,C22SEL25001372,KLANR1921VB-113821,GRISMET,EAA 920,4516,192,31/12/1995,07.22891.01.0064,1,49460400,49460400,MALO,SECRETARIA NACIONAL DE DEPORTE,1995
65,26103,1,2,CAMIONETA,MITSUBISHI,,4D56HH8708,DJNK340TP-03495,BLANCO,EAA 913,5497,177,31/12/1996,07.22869.01.0172,1,30925752,30925752,REGULAR,DIRECCION DE INFRAESTRUCTURA,1996
66,26103,1,2,CAMIONETA,MITSUBISHI,,4D56HJ1364,DJNK340TP-03714,GRIS,EAA903,5509,189,31/12/1995,07.22891.01.0005,1,30925752,30925752,REGULAR,DEPARTAMENTO DE DE TRANSPORTE,1995
67,26103,1,2,CAMIONETA,MITSUBISHI,1996,4D56-HJ0080,DJNK340TP-03628,BLANCO,EAA 936,5499,179,31/12/1996,07.22869.01.0174,1,30925753,30925753,REGULAR,DIRECCION DE INFORMATICA,1996
68,26103,1,2,CAMIONETA,MITSUBISHI,1997,4M40CA7838,JMYHNV360VJ-000815,VERDE,EAA 944,8957,202,31/12/1997,07.22891.01.0067,1,91626500,91626500,BUENO,DEPARTAMENTO DE DE TRANSPORTE,1997
69,26103,1,2,CAMIONETA,MITSUBISHI,1995,4D56-HH7641,DJNK340TP-03423,AZUL,EAA 933,5506,186,31/12/1995,07.22890.01.0010,1,30925753,30925753,MALO,DEPARTAMENTO DE DE TRANSPORTE,1995
70,26103,1,2,CAMIONETA,VW,,BJ439030,9BWZZZ23ZLP000374,BEIGE,,9001,25,31/12/2007,07.22890.01.0077,1,7000000,7000000,REGULAR,ADQUISICION Y SUMINISTRO,2007
71,26103,1,2,CAMIONETA,NISSAN,2005,TD42-177186,JN1TCSY61Z0544233,BORDO,EAD 694,9765,248,31/12/2005,07.23053.00.0073,1,204157800,204157800,BUENO,DIRECCION GENERAL,2005
72,26103,1,2,CAMIONETA,CHEVROLET,2005,40704177907,9BG138AC05C400748,BLANCO,EAD 605,,226,31/12/2005,07.23053.00.0056,1,111125000,111125000,REGULAR,COORDINACION DE SAN PEDRO,2005
73,26103,1,2,CAMIONETA,CHEVROLET,2005,40704178399,9BG138AC05C400772,BLANCO,EAD 606,9767,227,31/12/2005,07.23053.00.0057,1,111125000,111125000,REGULAR,DEPARTAMENTO DE DE TRANSPORTE,2005
74,26103,1,2,CAMIONETA,CHEVROLET,2005,40704183670,9BG138BC05C404735,BLANCO,EAD 607,9768,22,31/12/2005,07.23053.00.0050,1,111125000,111125000,REGULAR,COORDINACION DE CONCEPCION,2005
75,26103,1,2,CAMIONETA,CHEVROLET,2005,40704194256,9BG116BC05C412220,BLANCO,EAD 608,9769,235,31/12/2005,07.23053.00.0072,1,149513635,149513635,BUENO,DEPARTAMENTO DE DE TRANSPORTE,2005
76,26103,1,2,CAMIONETA,CHEVROLET,2005,40704194843,9BG116BC05C411962,BLANCO,EAD 609,9770,241,31/12/2005,07.23053.00.0071,1,149513635,149513635,BUENO,COORDINACION DEPARTAMENTAL DE CANINDEYU,2005
77,26103,1,2,CAMIONETA,CHEVROLET,2005,40704202049,9BG138AC05C417607,BLANCO,EAD 625,9771,23,31/12/2005,07.23053.00.0060,1,111125000,111125000,REGULAR,DEPARTAMENTO DE DE TRANSPORTE,2005
78,26103,1,2,CAMIONETA,CHEVROLET,2005,40704202115,9BG138AC05C417760,BLANCO,EAD 626,9772,229,31/12/2005,07.23053.00.0059,1,111125000,111125000,MALO,ADQUISICION Y SUMINISTRO,2005
79,26103,1,2,CAMIONETA,CHEVROLET,2005,40704201711,9BG138AC05C417422,BLANCO,EAD 627,9773,231,31/12/2005,07.23053.00.0061,1,111125000,111125000,REGULAR,DIRECCION GENERAL DE EDUCACION ARTISTICA,2005
80,26103,1,2,CAMIONETA,CHEVROLET,2005,40704206786,9BG138AC05C421120,BLANCO,EAD 590,9774,228,31/12/2005,07.23053.00.0058,1,111125000,111125000,REGULAR,DEPARTAMENTO DE DE TRANSPORTE,2005
81,26103,1,2,CAMIONETA,CHEVROLET,2005,40704215276,9BG138BC05C427414,BLANCO,EAD 610,9775,221,31/12/2005,07.23053.00.0051,1,111125000,111125000,REGULAR,COORDINACION DE ALTO PARAGUAY,2005
82,26103,1,2,CAMIONETA,CHEVROLET,2005,40704216317,9BG138BC05C427080,BLANCO,EAD 611,9776,222,31/12/2005,07.23053.00.0052,1,99290909,99290909,REGULAR,DEPARTAMENTO DE DE TRANSPORTE,2005
83,26103,1,2,CAMIONETA,CHEVROLET,2005,40704214400,9BG138BC05C427080,BLANCO,EAD 612,9777,224,31/12/2005,07.23053.00.0054,1,99290909,99290909,REGULAR,DEPARTAMENTO DE DE TRANSPORTE,2005
84,26103,1,2,CAMIONETA,MITSUBISHI,2007,4M41HD9205,JMYLNV78W7J000122,BLANCO,EAD 853,10098,249,31/12/2005,07.22891.01.0076,1,187000000,187000000,BUENO,MINISTRO - GABINETE,2005
85,26103,1,2,CAMIONETA,CHEVROLET,2005,40704215131,9BG138BC05C427237,BLANCO,EAD 614,9779,225,31/12/2005,07.23053.00.0055,1,99290909,99290909,REGULAR,DEPARTAMENTO DE DE TRANSPORTE,2005
86,26103,1,2,CAMIONETA,CHEVROLET,2005,40704215532,9BG138AC05C427623,BLANCO,EAD 615,9780,234,31/12/2005,07.23053.00.0064,1,99290909,99290909,REGULAR,COORDINACION DEPARTAMENTAL ALTO PARANA,2005
87,26103,1,2,CAMIONETA,CHEVROLET,2005,40704215518,9BG138AC05C427525,BLANCO,EAD 616,9781,233,31/12/2005,07.23053.00.0063,1,99290909,99290909,REGULAR,DIRECCION GENERAL DE CULTO,2005
88,26103,1,2,CAMIONETA,CHEVROLET,2005,40704215566,9BG138AC05C427617,BLANCO,EAD 617,9782,237,31/12/2005,07.23053.00.0067,1,99290909,99290909,REGULAR,DEPARTAMENTO DE DE TRANSPORTE,2005
89,26103,1,2,CAMIONETA,CHEVROLET,2005,40704216315,9BG138AC05C427624,BLANCO,EAD 618,9783,238,31/12/2005,07.23053.00.0068,1,99290909,99290909,BUENO,DEPARTAMENTO DE DE TRANSPORTE,2005
90,26103,1,2,CAMIONETA,CHEVROLET,2005,40704215512,9BG138AC05C427573,BLANCO,EAD 619,9784,24,31/12/2005,07.23053.00.0070,1,99290909,99290909,BUENO,COORDINACION DEPARTAMENTAL DE CAAGUAZU,2005
91,26103,1,2,CAMIONETA,CHEVROLET,2005,40704215314,9BG138AC05C427586,BLANCO,EAD 620,9785,232,31/12/2005,07.23053.00.0062,1,99290909,99290909,REGULAR,SERVICIOS GENERALES,2005
92,26103,1,2,CAMIONETA,CHEVROLET,2005,40704215556,9BG138AC05C427518,BLANCO,EAD 621,9786,235,31/12/2005,07.23053.00.0065,1,99290909,99290909,REGULAR,COORDINACION DEPARTAMENTAL DE CAAZAPA,2005
93,26103,1,2,CAMIONETA,CHEVROLET,2005,40704214408,9BG138AC05C427086,BLANCO,EAD 622,9787,236,31/12/2005,07.23053.00.0066,1,99290909,99290909,REGULAR,DEPARTAMENTO DE DE TRANSPORTE,2005
94,26103,1,2,CAMIONETA,CHEVROLET,2005,40704214779,9BG138AC05C427400,BLANCO,EAD 623,9788,239,31/12/2005,07.23053.00.0069,1,99290909,99290909,BUENO,DEPARTAMENTO DE DE TRANSPORTE,2005
95,26103,1,2,CAMIONETA,MITSUBISHI,1995,4D56GR7763,DJNK340SP-05453,BLANCO,EAA 901,4497,16,31/12/1995,07.22891.01.0006,1,65300000,65300000,RGULAR,DEPARTAMENTO DE DE TRANSPORTE,1995
96,26103,1,2,CAMIONETA,MITSUBISHI,1995,4D56GS0063,DJNK340SP-05693,BLANCO,EAA 899,4498,161,31/12/1995,07.22891.01.0009,1,65300000,65300000,REGULAR,CONSEJO NACIONAL DE EDUCACION Y CULTURA,1995
97,26103,1,2,CAMIONETA,TOYOTA,2005,3L-5568926,JTFDE62640-0142530,PLATA,EAD 298,10212,251,28/12/2008,07.22891.01.0078,1,205000000,205000000,BUENO,DIRECCION GENERAL DE EDUCACION SUPERIOR ,2008
98,26103,1,1,AUTOMOVIL,CHEVROLET,2010,S85025799,8AGSA1910AR146728,BLANCO,EAF 267,526,,16/07/2010,07.22891.03.0020,1,62800000,62800000,MUY BUENO,DIRECCION GENERAL DE GABINETE,2010
99,26103,1,1,AUTOMOVIL,CHEVROLET,2010,S85025802,8AGSA1910AR147165,NEGRO,EAF 231,527,,16/07/2010,07.22891.03.0016,1,62800000,62800000,MUY BUENO,DIRECCION GENERAL DE GABINETE,2010
100,26103,1,1,AUTOMOVIL,CHEVROLET,2010,S85025781,8AGSA1910AR139918,BLANCO,EAF 22,528,,16/07/2010,07.22891.03.0015,1,62800000,62800000,MUY BUENO,CENTRO DE INFORMACION Y ATENCION A LA CIUDADANIA ,2010
101,26103,1,1,AUTOMOVIL,CHEVROLET,2010,S85025808,8AGSA1910AR148333,BLANCO,EAF 199,529,,16/07/2010,07.22891.03.0019,1,62800000,62800000,MUY BUENO,VICE MINISTERIO DE EDUCACION SUPERIOR,2010
102,26103,1,1,AUTOMOVIL,CHEVROLET,2010,S85025798,8AGSA1910AR145619,BLANCO,EAF 18,530,,16/07/2010,07.22891.03.0017,1,62800000,62800000,MUY BUENO,VICE MINISTERIO DE EDUCACION PARA LA GESTION EDUCATIVA ,2010
103,26103,1,1,AUTOMOVIL,CHEVROLET,2010,S85025777,8AGSA1910AR139241,BLANCO,EAF 181,531,,16/07/2010,07.22891.03.0011,1,62800000,62800000,MUY BUENO,DIRECCION GENERAL DE RELACIONES INTERNACIONALES,2010
104,26103,1,1,AUTOMOVIL,CHEVROLET,2010,S85025676,8AGSA1910AR130916,BLANCO,EAF 19,532,,16/07/2010,07.22891.03.0010,1,62800000,62800000,MUY BUENO,DIRECCION GENERAL DE GABINETE,2010
105,26103,1,1,AUTOMOVIL,CHEVROLET,2010,S85025783,8AGSA1910AR140112,BLANCO,EAF 225,533,,16/07/2010,07.22891.03.0013,1,62800000,62800000,MUY BUENO,ASSESORIA DEL GABINETE,2010
106,26103,1,1,AUTOMOVIL,CHEVROLET,2010,S85025773,8AGSA1910AR139719,BLANCO,EAF 253,534,,16/07/2010,07.22891.03.0012,1,62800000,62800000,MUY BUENO,DIRECCION GENERAL DE ASESORIA JURIDICA,2010
107,26103,1,1,AUTOMOVIL,CHEVROLET,2010,S85025845,8AGSA1910AR160397,BEIGE,EAF 223,535,,16/07/2010,07.22891.03.0001,1,62800000,62800000,MUY BUENO,DIRECCION GENERAL DE GABINETE,2010
108,26103,1,1,AUTOMOVIL,CHEVROLET,2010,S85025820,8AGSA1910AR153809,GRIS,EAF 202,536,,16/07/2010,07.22891.03.0007,1,62800000,62800000,MUY BUENO,DIRECCION PARA EL DESARROLLO DE LA RESPONSABILIDAD SOCIAL DE LAS EMPRESAS EN EL SECTOR EDUCATIVO ,2010
109,26103,1,1,AUTOMOVIL,CHEVROLET,2010,S85025821,8AGSA1910AR155215,BEIGE,EAF 254,537,,16/07/2010,07.22891.03.0003,1,62800000,62800000,MUY BUENO,DIRECCION GENERAL DE GABINETE,2010
110,26103,1,1,AUTOMOVIL,CHEVROLET,2010,S85025853,8AGSA1910AR165584,GRIS,EAF 185,538,,16/07/2010,07.22891.03.0002,1,62800000,62800000,MUY BUENO,DEPARTAMENTO DE DE TRANSPORTE,2010
111,26103,1,1,AUTOMOVIL,CHEVROLET,2010,S85025830,8AGSA1910AR156504,GRIS,EAF 222,539,,16/07/2010,07.22891.03.0006,1,62800000,62800000,MUY BUENO,DIRECCION GENERAL DE GABINETE,2010
112,26103,1,1,AUTOMOVIL,CHEVROLET,2010,S85025841,8AGSA1910AR159776,BLANCO,EAF 226,540,,16/07/2010,07.22891.03.0004,1,62800000,62800000,MUY BUENO,DIRECCION GENERAL DE ADMINISTRACION Y FINANZAS,2010
113,26103,1,1,AUTOMOVIL,CHEVROLET,2010,S85025834,8AGSA1910AR157219,BLANCO,EAF 25,541,,16/07/2010,07.22891.03.0005,1,62800000,62800000,MUY BUENO,DIRECCION GENERAL DE PLANIFICACION EDUCATIVA,2010
114,26103,1,1,AUTOMOVIL,CHEVROLET,2010,S85025811,8AGSA1910AR148656,GRIS,EAF 186,542,,16/07/2010,07.22891.03.0009,1,62800000,62800000,MUY BUENO,SECRETARIA GENERAL,2010
115,26103,1,1,AUTOMOVIL,CHEVROLET,2010,S85025714,8AGSA1910AR130952,BLANCO,EAF 212,543,,16/07/2010,07.22891.03.0014,1,62800000,62800000,MUY BUENO,VICE MINISTERIO PARA EL DESARROLLO EDUCATIVO,2010
116,26103,1,1,AUTOMOVIL,CHEVROLET,2010,S85025840,8AGSA1910AR159045,GRIS,EAF 235,544,,16/07/2010,07.22891.03.0008,1,62800000,62800000,MUY BUENO,VICE MINISTERIO DE LA JUVENTUD,2010
117,26103,1,1,AUTOMOVIL,CHEVROLET,2010,S85025818,8AGSA1910AR154915,GRIS,EAF 269,545,,16/07/2010,07.22891.03.0018,1,62800000,62800000,MUY BUENO,VICE MINISTERIO DE CULTO,2010
118,26103,1,3,BUS,MERCEDES,,374980-10-354189,9BM688176VB123032,BLANCO,AYU 195,546,,31/12/1997,07.22971.00.1569,1,221075000,221075000,BUENO,CONSEJO NACIONAL DE MUSICA,1997
119,26103,1,2,CAMIONETA,IZUZU,,HX5394,MPATFS85HBT102708,,BHD 177,445,,4/8/2011,07.22891.03.0025,1,156000000,156000000,MUY BUENO,DEPARTAMENTO DE TRANSPORTE,2011
120,26103,1,2,CAMIONETA,IZUZU,,HX5401,MPATFS85HBT102706,,BGZ 960,584,,4/8/2011,07.22891.03.0026,1,156000000,156000000,MUY BUENO,VICE MINISTERIO DE LA JUVENTUD,2011
121,26103,1,2,CAMIONETA,IZUZU,,HX5400,MPATFS85HBT102707,,BHD 193,469,,4/8/2011,07.22891.03.0027,1,156000000,156000000,MUY BUENO,SECRETARIA GENERAL,2011
122,26103,1,2,CAMIONETA,IZUZU,,HZ3334,MPATFS85HBH532739,,EAG 710,1021,,4/8/2011,07.22891.03.0028,1,156000000,156000000,MUY BUENO,DEPARTAMENTO DE TRANSPORTE,2011
123,26103,1,2,CAMIONETA,IZUZU,,HX5396,MPATFS85HBT102710,,BGZ 983,453,,4/8/2011,07.22891.03.0029,1,156000000,156000000,MUY BUENO,VICE MINISTERIO DE EDUCACION PARA EL DESARROLLO EDUCACION ,2011
124,26103,1,2,CAMIONETA,IZUZU,,HX5391,MPATFS85HBT102709,,EAG 077,447,,4/8/2011,07.22891.03.0030,1,156000000,156000000,MUY BUENO ,DIRECCION GENERAL DE TALENTO HUMANO,2011
125,26103,1,2,CAMIONETA,IZUZU,,HX5402,MPATFS85HBT102705,,BHD 046,580,,4/8/2011,07.22891.03.0031,1,156000000,156000000,MUY BUENO ,DIRECCION GENERAL DE COMUNICACION ESTRATEGICA,2011
126,26103,1,2,CAMIONETA,IZUZU,,HX5390,MPATFS85HBT102697,,BHD 097,455,,4/8/2011,07.22891.03.0032,1,156000000,156000000,MUY BUENO ,DIRECCION GENERAL DE FORMACION PROFESIONAL EDUCATIVO,2011
127,26103,1,2,CAMIONETA,IZUZU,,HX5397,MPATFS85HBT102704,,BHD 113,459,,4/8/2011,07.22891.03.0033,1,156000000,156000000,MUY BUENO ,DIRECCION GENERAL DE GESTION SOCIAL Y EQUIDAD EDUCATIVA ,2011
128,26103,1,2,CAMIONETA,IZUZU,,HY9008,MPATFS85HBH531868,,BJP 723,1022,,4/8/2011,07.22891.03.0034,1,156000000,156000000,MUY BUENO ,DEPARTAMENTO TRANSPORTE,2011
129,26103,1,2,CAMIONETA,IZUZU,,HZ1687,MPATFS85HBH532610,,BGZ 979,471,,4/8/2011,07.22891.03.0035,1,156000000,156000000,MUY BUENO ,DIRECCION GENERAL DE EDUCACION MEDIA,2011
130,26103,1,2,CAMIONETA,IZUZU,,HX5389,MPATFS85HBT102696,,BHF 796,1032,,4/8/2011,07.22891.03.0036,1,156000000,156000000,MUY BUENO ,DEPARTAMENTO TRANSPORTE,2011
131,26103,1,2,CAMIONETA,IZUZU,,HY3002,MPATFS85HBH531837,,EAG 064,582,,4/8/2011,07.22891.03.0037,1,156000000,156000000,MUY BUENO ,SECRETARIA DE POLITICAS LINGUISTICAS,2011
132,26103,1,2,CAMIONETA,IZUZU,,HY3010,MPATFS85HBH531864,,EAG 712,1023,,4/8/2011,07.22891.03.0038,1,156000000,156000000,MUY BUENO ,DEPARTAMENTO TRANSPORTE,2011
133,26103,1,2,CAMIONETA,IZUZU,,HX5356,MPATFS85HBT102695,,EAG 075,452,,4/8/2011,07.22891.03.0039,1,156000000,156000000,MUY BUENO ,CONSEJO NACIONAL DE EDUCACION Y CULTURA,2011
134,26103,1,2,CAMIONETA,IZUZU,,HX5358,MPATFS85HBT102685,,BHD 200,472,,4/8/2011,07.22891.03.0040,1,156000000,156000000,MUY BUENO ,VICE MINISTERIO PARA LA GESTION EDUCATIVA,2011
135,26103,1,2,CAMIONETA,IZUZU,,HX5351,MPATFS85HBT102692,,EAG 711,1024,,4/8/2011,07.22891.03.0041,1,156000000,156000000,MUY BUENO ,DEPARTAMENTO TRANSPORTE,2011
136,26103,1,2,CAMIONETA,IZUZU,,HX5355,MPATFS85HBT102693,,EAG 325,1029,,4/8/2011,07.22891.03.0042,1,156000000,156000000,MUY BUENO ,DEPARTAMENTO TRANSPORTE,2011
137,26103,1,2,CAMIONETA,IZUZU,,HX5347,MPATFS85HBT102694,,BHD 175,466,,4/8/2011,07.22891.03.0043,1,156000000,156000000,MUY BUENO ,MINISTRO - GABINETE,2011
138,26103,1,2,CAMIONETA,IZUZU,,HX5357,MPATFS85HBT102684,,BGZ 986,461,,4/8/2011,07.22891.03.0044,1,156000000,156000000,MUY BUENO ,DIRECCION GENERAL DE AUDITORIA INTERNA,2011
139,26103,1,2,CAMIONETA,IZUZU,,HX5352,MPATFS85HBT102683,,EAG 068,456,,4/8/2011,07.22891.03.0045,1,156000000,156000000,MUY BUENO ,DIRECCION FINANCIERA,2011
140,26103,1,2,CAMIONETA,IZUZU,,HX1871,MPATFS85HBH528510,,BGZ 909,457,,4/8/2011,07.22891.03.0046,1,156000000,156000000,MUY BUENO ,DEPARTAMENTO TRANSPORTE,2011
141,26103,1,2,CAMIONETA,IZUZU,,HX5344,MPATFS85HBT102682,,EAG 070,450,,4/8/2011,07.22891.03.0047,1,156000000,156000000,MUY BUENO ,VICE MINISTERIO PARA EL DESARROLLO EDUCACION ,2011
142,26103,1,2,CAMIONETA,IZUZU,,HX1833,MPATFS85HBH528358,,EAG 076,446,,4/8/2011,07.22891.03.0048,1,156000000,156000000,MUY BUENO ,DEPARTAMENTO TRANSPORTE,2011
143,26103,1,2,CAMIONETA,IZUZU,,HX1081,MPATFS85HBH527912,,EAG 069,460,,4/8/2011,07.22891.03.0049,1,156000000,156000000,MUY BUENO ,DIRECCION GENERAL DE GABINETE,2011
144,26103,1,2,CAMIONETA,IZUZU,,HW8865,MPATFS85HBH527871,,BHG 538,585,,4/8/2011,07.22891.03.0050,1,156000000,156000000,MUY BUENO ,DEPARTAMENTO TRANSPORTE,2011
145,26103,1,2,CAMIONETA,IZUZU,,HX1850,MPATFS85HBH528469,,BHD 045,465,,4/8/2011,07.22891.03.0051,1,156000000,156000000,MUY BUENO ,DIRECCION GENERAL DE ASESORIA JURIDICA,2011
146,26103,1,2,CAMIONETA,IZUZU,,HW8825,MPATFS85HBH527720,,BGZ 902,464,,4/8/2011,07.22891.03.0052,1,156000000,156000000,MUY BUENO ,DEPARTAMENTO TRANSPORTE,2011
147,26103,1,2,CAMIONETA,IZUZU,,HW8829,MPATFS85HBH527780,,BGZ 932,444,,4/8/2011,07.22891.03.0053,1,156000000,156000000,MUY BUENO ,DIRECCION GENERAL DE ADMINISTRACION Y FINANZAS,2011
148,26103,1,2,CAMIONETA,IZUZU,,HX1855,MPATFS85HBH528460,,BHD 068,467,,4/8/2011,07.22891.03.0054,1,156000000,156000000,MUY BUENO ,AGENCIA NACIONAL DE EVALUACION Y ACREDITACION DE LA EDUCACION SUPERIOR,2011
149,26103,1,2,CAMIONETA,IZUZU,,HX1854,MPATFS85HBH528445,,BHD 179,448,,4/8/2011,07.22891.03.0055,1,156000000,156000000,MUY BUENO,DIRECCION GENERAL DE UNIVERSIDADES E INSTITUCIONES SUPERIORES,2011
150,26103,1,2,CAMIONETA,IZUZU,,HX1857,MPATFS85HBH528338,,BHD 121,581,,4/8/2011,07.22891.03.0056,1,156000000,156000000,MUY BUENO,DIRECCION GENERAL DEL TALENTO HUMANO,2011
151,26103,1,2,CAMIONETA,IZUZU,,HX1818,MPATFS85HBH528306,,BHD 062,443,,4/8/2011,07.22891.03.0057,1,156000000,156000000,MUY BUENO,DEPARTAMENTO TRANSPORTE,2011
152,26103,1,2,CAMIONETA,IZUZU,,HX1842,MPATFS85HBH528291,,EAG 060,583,,4/8/2011,07.22891.03.0058,1,156000000,156000000,MUY BUENO,DEPARTAMENTO TRANSPORTE,2011
153,26103,1,2,CAMIONETA,IZUZU,,HX1102,MPATFS85HBH528070,,BGZ 984,454,,4/8/2011,07.22891.03.0059,1,156000000,156000000,MUY BUENO,DEPARTAMENTO TRANSPORTE,2011
154,26103,1,2,CAMIONETA,IZUZU,,HX1104,MPATFS85HBH527989,,BGZ 931,468,,4/8/2011,07.22891.03.0060,1,156000000,156000000,MUY BUENO,DEPARTAMENTO TRANSPORTE,2011
155,26103,1,2,CAMIONETA,IZUZU,,HW8838,MPATFS85HBH527768,,BJP 979,1026,,4/8/2011,07.22891.03.0061,1,156000000,156000000,MUY BUENO,DEPARTAMENTO TRANSPORTE,2011
156,26103,1,2,CAMIONETA,IZUZU,,HW8820,MPATFS85HBH527777,,EAG 066,451,,4/8/2011,07.22891.03.0062,1,156000000,156000000,MUY BUENO,VICE MINISTERIO DE CULTO,2011
157,26103,1,2,CAMIONETA,IZUZU,,HW8879,MPATFS85HBH527831,,BGZ 907,585,,4/8/2011,07.22891.03.0063,1,156000000,156000000,MUY BUENO,DEPARTAMENTO TRANSPORTE,2011
158,26103,1,2,CAMIONETA,IZUZU,,HW8862,MPATFS85HBH527885,,BHD 043,462,,4/8/2011,07.22891.03.0064,1,156000000,156000000,MUY BUENO,DIRECCION GENERAL DE EDUCACION INCLUSIVA,2011
159,26103,1,2,CAMIONETA,IZUZU,,HW8851,MPATFS85HBH527910,,BGZ 903,470,,4/8/2011,07.22891.03.0065,1,156000000,156000000,MUY BUENO ,DEPARTAMENTO TRANSPORTE,2011
160,26103,1,2,CAMIONETA,IZUZU,,HZ3338,MPATFS85HBH532470,,EAG 063,458,,4/8/2011,07.22891.03.0066,1,156000000,156000000,MUY BUENO ,DIRECCION GENERAL DE GABINETE TECNICO,2011
161,26103,1,2,CAMIONETA,IZUZU,,HZ0737,MPATFS85HBH532207,,EAG 078,449,,4/8/2011,07.22891.03.0067,1,156000000,156000000,MUY BUENO ,DIRECCION GENERAL DE LIDERAZGO COMUNITARIO Y CIUDADANIA,2011
162,26103,1,2,CAMIONETA,IZUZU,,HY9016,MPATFS85HBH531843,,EAG 298,1030,,4/8/2011,07.22891.03.0068,1,156000000,156000000,MUY BUENO ,DEPARTAMENTO TRANSPORTE,2011
163,26103,1,2,CAMIONETA,IZUZU,,HZ3344,MPATFS85HBH532843,,BHF 149,1028,,4/8/2011,07.22891.03.0069,1,156000000,156000000,MUY BUENO ,DEPARTAMENTO TRANSPORTE,2011
164,26103,1,2,CAMIONETA,IZUZU,,HW8858,MPATFS85HBH527918,,BHD 203,463,,4/8/2011,07.22891.03.0070,1,156000000,156000000,MUY BUENO ,DEPARTAMENTO TRANSPORTE,2011
165,26103,1,3,MINIBUS,HYUNDAI,,D4BHB002396,KMJWA37HABU334509,,EAG 061,476,,4/8/2011,07.22891.03.0071,1,160000000,160000000,MUY BUENO,DEPARTAMENTO TRANSPORTE,2011
166,26103,1,3,MINIBUS,HYUNDAI,,D4BHB001748,KMJWA37HABU335739,GRIS,EAG 065,473,,4/8/2011,07.22891.03.0072,1,160000000,160000000,MUY BUENO,DEPARTAMENTO TRANSPORTE,2011
167,26103,1,3,MINIBUS,HYUNDAI,,D4BHA068394,KMJWA37HABU323070,,BHD 287,479,,4/8/2011,07.22891.03.0073,1,160000000,160000000,MUY BUENO,DEPARTAMENTO TRANSPORTE,2011
168,26103,1,3,MINIBUS,HYUNDAI,,D4BHB003857,KMJWA37HABU335821,,BGZ 933,474,,4/8/2011,07.22891.03.0074,1,160000000,160000000,MUY BUENO,DEPARTAMENTO TRANSPORTE,2011
169,26103,1,3,MINIBUS,HYUNDAI,,D4BHB005823,KMJWA37HABU335506,,BHD 198,477,,4/8/2011,07.22891.03.0075,1,160000000,160000000,MUY BUENO,DIRECCION GENERAL DE COOPERACION EDUCATIVA Y CULTURAL,2011
170,26103,1,3,CAMION,FORD,,,9BFYCE6U7BBB76609,,EAF 966,481,,21/07/2011,07.22891.03.0081,1,340000000,340000000,MUY BUENO,DEPARTAMENTO TRANSPORTE,2011
171,26103,1,3,MINIBUS,HYUNDAI,,D4BHB003604,KMJWA37HABU334974,,EAG 714,1025,,4/8/2011,07.22891.03.0076,1,160000000,160000000,MUY BUENO ,DEPARTAMENTO TRANSPORTE,2011
172,26103,1,3,MINIBUS,HYUNDAI,,D4BHA067331,KMJWA37HABU297235,,BJO 554,1027,,4/8/2011,07.22891.03.0077,1,160000000,160000000,MUY BUENO ,DEPARTAMENTO TRANSPORTE,2011
173,26103,1,3,MINIBUS,HYUNDAI,,D4BHA069098,KMJWA37HABU323436,,BGZ 732,480,,4/8/2011,07.22891.03.0078,1,160000000,160000000,MUY BUENO ,COMISION NACIONAL DE BILINGUISMO,2011
174,26103,1,3,MINIBUS,HYUNDAI,,D4BHB003947,KMJWA37HABU336476,,BHD 047,478,,4/8/2011,07.22891.03.0079,1,160000000,160000000,MUY BUENO ,DEPARTAMENTO TRANSPORTE,2011
175,26103,1,3,MINIBUS,HYUNDAI,,D4BHA068240,KMJWA37HABU322617,,EAG 073,475,,4/8/2011,07.22891.03.0080,1,160000000,160000000,MUY BUENO ,DEPARTAMENTO TRANSPORTE,2011
176,26103,1,3,CAMION,FORD,,,9BFYCE6U5BBB76608,,BGN 488,,,21/7/2011,07.22891.03.0082,1,340000000,340000000,MUY BUENO ,DEPARTAMENTO TRANSPORTE,2011
177,26103,1,1,AUTOMOVIL,CHEVROLET,,5R0028302,9BGXF75R07C714809,,BAN 743,,,11/6/2014,07.22891.03.0083,1,65000000,65000000,MUY BUENO ,PROGRAMA DE EDUCACION DE PERSONAS ADULTAS,2011
178,26103,1,2,CAMIONETA,MITSUBISHI,,4D56-CK0079,93XGNK7408C739060,,BBS 213,,,11/6/2014,07.22891.03.0084,1,110000000,110000000,MUY BUENO ,PROGRAMA DE EDUCACION DE PERSONAS ADULTAS,2014
179,26103,1,2,CAMIONETA,CHEVROLET,,M1T264395,9BG138BC06C426125,,BAN 740,,,11/6/2014,07.22891.03.0085,1,80000000,80000000,MUY BUENO ,PROGRAMA DE EDUCACION DE PERSONAS ADULTAS,2014
180,26103,1,3,MINIBUS,KIA,,J2-398557,KNHTR731257182237,,AFZ 031,,,11/6/2014,07.22891.03.0085,1,70000000,70000000,MUY BUENO ,PROGRAMA DE EDUCACION DE PERSONAS ADULTAS,2014
